formula,kappa_L,kappa_units,temperature_K,method,method_tier,tier_name,weight,struct_a_A,struct_spacegroup,struct_sg_symbol,struct_prototype,struct_site_ordering,struct_species,struct_frac_coords,struct_grade,lattice_convention,source,source_doi,source_url,source_location,struct_source,struct_source_url,struct_source_detail,struct_id,struct_same_paper_as_kappa,stoichiometry,parent_formula,sys,kappa_basis,data_origin
Al1V0.9Fe2W0.1,4.0,W/m/K,300.0,"experimental, doped/substituted sample (lattice kappa as published)",0,experimental,0.6,5.65709,225.0,Fm-3m,full_Heusler_L21,,"[""Al"", ""V"", ""Fe"", ""Fe""]","[[0.0, 0.0, 0.0], [0.5, 0.5, 0.5], [0.25, 0.25, 0.25], [0.75, 0.75, 0.75]]",A,conventional,doped_recovery,10.1103/physrevb.102.075117,,,parent_compound,,structure inherited from the stoichiometric parent; substitution shifts a by <1%,,False,doped,AlVFe2,Al-Fe-V,reported_lattice,experimental
Al0.79V1.21Fe2,8.2,W/m/K,300.0,"experimental, doped/substituted sample (lattice kappa as published)",0,experimental,0.6,5.65709,225.0,Fm-3m,full_Heusler_L21,,"[""Al"", ""V"", ""Fe"", ""Fe""]","[[0.0, 0.0, 0.0], [0.5, 0.5, 0.5], [0.25, 0.25, 0.25], [0.75, 0.75, 0.75]]",A,conventional,doped_recovery,10.15541/jim20250041,,,parent_compound,,structure inherited from the stoichiometric parent; substitution shifts a by <1%,,False,doped,AlVFe2,Al-Fe-V,reported_lattice,experimental
Al0.79V1.21Fe2,6.1,W/m/K,800.0,"experimental, doped/substituted sample (lattice kappa as published)",0,experimental,0.6,5.65709,225.0,Fm-3m,full_Heusler_L21,,"[""Al"", ""V"", ""Fe"", ""Fe""]","[[0.0, 0.0, 0.0], [0.5, 0.5, 0.5], [0.25, 0.25, 0.25], [0.75, 0.75, 0.75]]",A,conventional,doped_recovery,10.15541/jim20250041,,,parent_compound,,structure inherited from the stoichiometric parent; substitution shifts a by <1%,,False,doped,AlVFe2,Al-Fe-V,reported_lattice,experimental
Al0.9V1.1Fe2,7.5,W/m/K,300.0,"experimental, doped/substituted sample (lattice kappa as published)",0,experimental,0.6,5.65709,225.0,Fm-3m,full_Heusler_L21,,"[""Al"", ""V"", ""Fe"", ""Fe""]","[[0.0, 0.0, 0.0], [0.5, 0.5, 0.5], [0.25, 0.25, 0.25], [0.75, 0.75, 0.75]]",A,conventional,doped_recovery,10.2320/jinstmet.ja201520,,,parent_compound,,structure inherited from the stoichiometric parent; substitution shifts a by <1%,,False,doped,AlVFe2,Al-Fe-V,reported_lattice,experimental
Al0.94V1.06Fe2,9.0,W/m/K,300.0,"experimental, doped/substituted sample (lattice kappa as published)",0,experimental,0.6,5.65709,225.0,Fm-3m,full_Heusler_L21,,"[""Al"", ""V"", ""Fe"", ""Fe""]","[[0.0, 0.0, 0.0], [0.5, 0.5, 0.5], [0.25, 0.25, 0.25], [0.75, 0.75, 0.75]]",A,conventional,doped_recovery,10.2320/jinstmet.ja201520,,,parent_compound,,structure inherited from the stoichiometric parent; substitution shifts a by <1%,,False,doped,AlVFe2,Al-Fe-V,reported_lattice,experimental
Al1.04V0.96Fe2,10.5,W/m/K,300.0,"experimental, doped/substituted sample (lattice kappa as published)",0,experimental,0.6,5.65709,225.0,Fm-3m,full_Heusler_L21,,"[""Al"", ""V"", ""Fe"", ""Fe""]","[[0.0, 0.0, 0.0], [0.5, 0.5, 0.5], [0.25, 0.25, 0.25], [0.75, 0.75, 0.75]]",A,conventional,doped_recovery,10.2320/jinstmet.ja201520,,,parent_compound,,structure inherited from the stoichiometric parent; substitution shifts a by <1%,,False,doped,AlVFe2,Al-Fe-V,reported_lattice,experimental
Al1.06V0.94Fe2,9.0,W/m/K,300.0,"experimental, doped/substituted sample (lattice kappa as published)",0,experimental,0.6,5.65709,225.0,Fm-3m,full_Heusler_L21,,"[""Al"", ""V"", ""Fe"", ""Fe""]","[[0.0, 0.0, 0.0], [0.5, 0.5, 0.5], [0.25, 0.25, 0.25], [0.75, 0.75, 0.75]]",A,conventional,doped_recovery,10.2320/jinstmet.ja201520,,,parent_compound,,structure inherited from the stoichiometric parent; substitution shifts a by <1%,,False,doped,AlVFe2,Al-Fe-V,reported_lattice,experimental
Al1.1V0.9Fe2,7.5,W/m/K,300.0,"experimental, doped/substituted sample (lattice kappa as published)",0,experimental,0.6,5.65709,225.0,Fm-3m,full_Heusler_L21,,"[""Al"", ""V"", ""Fe"", ""Fe""]","[[0.0, 0.0, 0.0], [0.5, 0.5, 0.5], [0.25, 0.25, 0.25], [0.75, 0.75, 0.75]]",A,conventional,doped_recovery,10.2320/jinstmet.ja201520,,,parent_compound,,structure inherited from the stoichiometric parent; substitution shifts a by <1%,,False,doped,AlVFe2,Al-Fe-V,reported_lattice,experimental
Ta1.05Al1Ru1.95,3.5,W/m/K,100.0,"experimental, doped/substituted sample (lattice kappa as published)",0,experimental,0.6,6.18205,225.0,Fm-3m,full_Heusler_L21,,"[""Ru"", ""Ru"", ""Al"", ""Ta""]","[[0.25, 0.25, 0.25], [0.75, 0.75, 0.75], [0.0, 0.0, 0.0], [0.5, 0.5, 0.5]]",A,conventional,doped_recovery,10.1103/physrevb.96.125106,,,parent_compound,,structure inherited from the stoichiometric parent; substitution shifts a by <1%,,False,doped,TaAlRu2,Al-Ru-Ta,reported_lattice,experimental
Ta1.05Al1Ru1.95,3.8,W/m/K,150.0,"experimental, doped/substituted sample (lattice kappa as published)",0,experimental,0.6,6.18205,225.0,Fm-3m,full_Heusler_L21,,"[""Ru"", ""Ru"", ""Al"", ""Ta""]","[[0.25, 0.25, 0.25], [0.75, 0.75, 0.75], [0.0, 0.0, 0.0], [0.5, 0.5, 0.5]]",A,conventional,doped_recovery,10.1103/physrevb.96.125106,,,parent_compound,,structure inherited from the stoichiometric parent; substitution shifts a by <1%,,False,doped,TaAlRu2,Al-Ru-Ta,reported_lattice,experimental
Ta1.05Al1Ru1.95,3.9,W/m/K,200.0,"experimental, doped/substituted sample (lattice kappa as published)",0,experimental,0.6,6.18205,225.0,Fm-3m,full_Heusler_L21,,"[""Ru"", ""Ru"", ""Al"", ""Ta""]","[[0.25, 0.25, 0.25], [0.75, 0.75, 0.75], [0.0, 0.0, 0.0], [0.5, 0.5, 0.5]]",A,conventional,doped_recovery,10.1103/physrevb.96.125106,,,parent_compound,,structure inherited from the stoichiometric parent; substitution shifts a by <1%,,False,doped,TaAlRu2,Al-Ru-Ta,reported_lattice,experimental
Ta1.05Al1Ru1.95,3.8,W/m/K,250.0,"experimental, doped/substituted sample (lattice kappa as published)",0,experimental,0.6,6.18205,225.0,Fm-3m,full_Heusler_L21,,"[""Ru"", ""Ru"", ""Al"", ""Ta""]","[[0.25, 0.25, 0.25], [0.75, 0.75, 0.75], [0.0, 0.0, 0.0], [0.5, 0.5, 0.5]]",A,conventional,doped_recovery,10.1103/physrevb.96.125106,,,parent_compound,,structure inherited from the stoichiometric parent; substitution shifts a by <1%,,False,doped,TaAlRu2,Al-Ru-Ta,reported_lattice,experimental
Ta1.05Al1Ru1.95,3.7,W/m/K,300.0,"experimental, doped/substituted sample (lattice kappa as published)",0,experimental,0.6,6.18205,225.0,Fm-3m,full_Heusler_L21,,"[""Ru"", ""Ru"", ""Al"", ""Ta""]","[[0.25, 0.25, 0.25], [0.75, 0.75, 0.75], [0.0, 0.0, 0.0], [0.5, 0.5, 0.5]]",A,conventional,doped_recovery,10.1103/physrevb.96.125106,,,parent_compound,,structure inherited from the stoichiometric parent; substitution shifts a by <1%,,False,doped,TaAlRu2,Al-Ru-Ta,reported_lattice,experimental
Al0.95V1Fe2Ge0.05,9.0,W/m/K,300.0,"experimental, doped/substituted sample (lattice kappa as published)",0,experimental,0.6,5.65709,225.0,Fm-3m,full_Heusler_L21,,"[""Al"", ""V"", ""Fe"", ""Fe""]","[[0.0, 0.0, 0.0], [0.5, 0.5, 0.5], [0.25, 0.25, 0.25], [0.75, 0.75, 0.75]]",A,conventional,doped_recovery,10.1103/physrevb.74.115115,,,parent_compound,,structure inherited from the stoichiometric parent; substitution shifts a by <1%,,False,doped,AlVFe2,Al-Fe-V,reported_lattice,experimental
Al0.9V1Fe2Ge0.1,4.0,W/m/K,300.0,"experimental, doped/substituted sample (lattice kappa as published)",0,experimental,0.6,5.65709,225.0,Fm-3m,full_Heusler_L21,,"[""Al"", ""V"", ""Fe"", ""Fe""]","[[0.0, 0.0, 0.0], [0.5, 0.5, 0.5], [0.25, 0.25, 0.25], [0.75, 0.75, 0.75]]",A,conventional,doped_recovery,10.1103/physrevb.74.115115,,,parent_compound,,structure inherited from the stoichiometric parent; substitution shifts a by <1%,,False,doped,AlVFe2,Al-Fe-V,reported_lattice,experimental
Al0.85V1Fe2Ge0.15,2.0,W/m/K,300.0,"experimental, doped/substituted sample (lattice kappa as published)",0,experimental,0.6,5.65709,225.0,Fm-3m,full_Heusler_L21,,"[""Al"", ""V"", ""Fe"", ""Fe""]","[[0.0, 0.0, 0.0], [0.5, 0.5, 0.5], [0.25, 0.25, 0.25], [0.75, 0.75, 0.75]]",A,conventional,doped_recovery,10.1103/physrevb.74.115115,,,parent_compound,,structure inherited from the stoichiometric parent; substitution shifts a by <1%,,False,doped,AlVFe2,Al-Fe-V,reported_lattice,experimental
Al0.8V1Fe2Ge0.2,1.0,W/m/K,300.0,"experimental, doped/substituted sample (lattice kappa as published)",0,experimental,0.6,5.65709,225.0,Fm-3m,full_Heusler_L21,,"[""Al"", ""V"", ""Fe"", ""Fe""]","[[0.0, 0.0, 0.0], [0.5, 0.5, 0.5], [0.25, 0.25, 0.25], [0.75, 0.75, 0.75]]",A,conventional,doped_recovery,10.1103/physrevb.74.115115,,,parent_compound,,structure inherited from the stoichiometric parent; substitution shifts a by <1%,,False,doped,AlVFe2,Al-Fe-V,reported_lattice,experimental
Al0.95V1Fe2Si0.05,13.0,W/m/K,300.0,"experimental, doped/substituted sample (lattice kappa as published)",0,experimental,0.6,5.65709,225.0,Fm-3m,full_Heusler_L21,,"[""Al"", ""V"", ""Fe"", ""Fe""]","[[0.0, 0.0, 0.0], [0.5, 0.5, 0.5], [0.25, 0.25, 0.25], [0.75, 0.75, 0.75]]",A,conventional,doped_recovery,10.1103/physrevb.74.115115,,,parent_compound,,structure inherited from the stoichiometric parent; substitution shifts a by <1%,,False,doped,AlVFe2,Al-Fe-V,reported_lattice,experimental
Al0.9V1Fe2Si0.1,9.0,W/m/K,300.0,"experimental, doped/substituted sample (lattice kappa as published)",0,experimental,0.6,5.65709,225.0,Fm-3m,full_Heusler_L21,,"[""Al"", ""V"", ""Fe"", ""Fe""]","[[0.0, 0.0, 0.0], [0.5, 0.5, 0.5], [0.25, 0.25, 0.25], [0.75, 0.75, 0.75]]",A,conventional,doped_recovery,10.1103/physrevb.74.115115,,,parent_compound,,structure inherited from the stoichiometric parent; substitution shifts a by <1%,,False,doped,AlVFe2,Al-Fe-V,reported_lattice,experimental
Al0.85V1Fe2Si0.15,7.0,W/m/K,300.0,"experimental, doped/substituted sample (lattice kappa as published)",0,experimental,0.6,5.65709,225.0,Fm-3m,full_Heusler_L21,,"[""Al"", ""V"", ""Fe"", ""Fe""]","[[0.0, 0.0, 0.0], [0.5, 0.5, 0.5], [0.25, 0.25, 0.25], [0.75, 0.75, 0.75]]",A,conventional,doped_recovery,10.1103/physrevb.74.115115,,,parent_compound,,structure inherited from the stoichiometric parent; substitution shifts a by <1%,,False,doped,AlVFe2,Al-Fe-V,reported_lattice,experimental
Al0.8V1Fe2Si0.2,5.0,W/m/K,300.0,"experimental, doped/substituted sample (lattice kappa as published)",0,experimental,0.6,5.65709,225.0,Fm-3m,full_Heusler_L21,,"[""Al"", ""V"", ""Fe"", ""Fe""]","[[0.0, 0.0, 0.0], [0.5, 0.5, 0.5], [0.25, 0.25, 0.25], [0.75, 0.75, 0.75]]",A,conventional,doped_recovery,10.1103/physrevb.74.115115,,,parent_compound,,structure inherited from the stoichiometric parent; substitution shifts a by <1%,,False,doped,AlVFe2,Al-Fe-V,reported_lattice,experimental
Al1V1Cr0.1Fe1.9,13.0,W/m/K,300.0,"experimental, doped/substituted sample (lattice kappa as published)",0,experimental,0.6,5.65709,225.0,Fm-3m,full_Heusler_L21,,"[""Al"", ""V"", ""Fe"", ""Fe""]","[[0.0, 0.0, 0.0], [0.5, 0.5, 0.5], [0.25, 0.25, 0.25], [0.75, 0.75, 0.75]]",A,conventional,doped_recovery,10.1021/acs.chemmater.5c02963,,,parent_compound,,structure inherited from the stoichiometric parent; substitution shifts a by <1%,,False,doped,AlVFe2,Al-Fe-V,reported_lattice,experimental
Al1V1Cr0.15Fe1.85,10.0,W/m/K,300.0,"experimental, doped/substituted sample (lattice kappa as published)",0,experimental,0.6,5.65709,225.0,Fm-3m,full_Heusler_L21,,"[""Al"", ""V"", ""Fe"", ""Fe""]","[[0.0, 0.0, 0.0], [0.5, 0.5, 0.5], [0.25, 0.25, 0.25], [0.75, 0.75, 0.75]]",A,conventional,doped_recovery,10.1021/acs.chemmater.5c02963,,,parent_compound,,structure inherited from the stoichiometric parent; substitution shifts a by <1%,,False,doped,AlVFe2,Al-Fe-V,reported_lattice,experimental
Al1V1Cr0.2Fe1.8,8.0,W/m/K,300.0,"experimental, doped/substituted sample (lattice kappa as published)",0,experimental,0.6,5.65709,225.0,Fm-3m,full_Heusler_L21,,"[""Al"", ""V"", ""Fe"", ""Fe""]","[[0.0, 0.0, 0.0], [0.5, 0.5, 0.5], [0.25, 0.25, 0.25], [0.75, 0.75, 0.75]]",A,conventional,doped_recovery,10.1021/acs.chemmater.5c02963,,,parent_compound,,structure inherited from the stoichiometric parent; substitution shifts a by <1%,,False,doped,AlVFe2,Al-Fe-V,reported_lattice,experimental
Mn1Al0.5Ni2Sb0.5,1.1,W/m/K,100.0,"experimental, doped/substituted sample (lattice kappa as published)",0,experimental,0.6,5.78647,225.0,Fm-3m,full_Heusler_L21,,"[""Mn"", ""Al"", ""Ni"", ""Ni""]","[[0.5, 0.5, 0.5], [0.0, 0.0, 0.0], [0.25, 0.25, 0.25], [0.75, 0.75, 0.75]]",A,conventional,doped_recovery,10.1021/acsaem.3c00785,,,parent_compound,,structure inherited from the stoichiometric parent; substitution shifts a by <1%,,False,doped,MnAlNi2,Al-Mn-Ni,reported_lattice,experimental
Mn1Al0.5Ni2Sb0.5,1.15,W/m/K,280.0,"experimental, doped/substituted sample (lattice kappa as published)",0,experimental,0.6,5.78647,225.0,Fm-3m,full_Heusler_L21,,"[""Mn"", ""Al"", ""Ni"", ""Ni""]","[[0.5, 0.5, 0.5], [0.0, 0.0, 0.0], [0.25, 0.25, 0.25], [0.75, 0.75, 0.75]]",A,conventional,doped_recovery,10.1021/acsaem.3c00785,,,parent_compound,,structure inherited from the stoichiometric parent; substitution shifts a by <1%,,False,doped,MnAlNi2,Al-Mn-Ni,reported_lattice,experimental
Ti0.05V0.95Ga1Fe2,9.0,W/m/K,300.0,"experimental, doped/substituted sample (lattice kappa as published)",0,experimental,0.6,5.66398,225.0,Fm-3m,full_Heusler_L21,,"[""V"", ""Ga"", ""Fe"", ""Fe""]","[[0.5, 0.5, 0.5], [0.0, 0.0, 0.0], [0.75, 0.75, 0.75], [0.25, 0.25, 0.25]]",A,conventional,doped_recovery,10.1021/acsami.7b15273,,,parent_compound,,structure inherited from the stoichiometric parent; substitution shifts a by <1%,,False,doped,VGaFe2,Fe-Ga-V,reported_lattice,experimental
Ti0.05V0.95Ga1Fe2,8.0,W/m/K,400.0,"experimental, doped/substituted sample (lattice kappa as published)",0,experimental,0.6,5.66398,225.0,Fm-3m,full_Heusler_L21,,"[""V"", ""Ga"", ""Fe"", ""Fe""]","[[0.5, 0.5, 0.5], [0.0, 0.0, 0.0], [0.75, 0.75, 0.75], [0.25, 0.25, 0.25]]",A,conventional,doped_recovery,10.1021/acsami.7b15273,,,parent_compound,,structure inherited from the stoichiometric parent; substitution shifts a by <1%,,False,doped,VGaFe2,Fe-Ga-V,reported_lattice,experimental
Ti0.1V0.9Ga1Fe2,6.0,W/m/K,300.0,"experimental, doped/substituted sample (lattice kappa as published)",0,experimental,0.6,5.66398,225.0,Fm-3m,full_Heusler_L21,,"[""V"", ""Ga"", ""Fe"", ""Fe""]","[[0.5, 0.5, 0.5], [0.0, 0.0, 0.0], [0.75, 0.75, 0.75], [0.25, 0.25, 0.25]]",A,conventional,doped_recovery,10.1021/acsami.7b15273,,,parent_compound,,structure inherited from the stoichiometric parent; substitution shifts a by <1%,,False,doped,VGaFe2,Fe-Ga-V,reported_lattice,experimental
Ti0.1V0.9Ga1Fe2,5.0,W/m/K,400.0,"experimental, doped/substituted sample (lattice kappa as published)",0,experimental,0.6,5.66398,225.0,Fm-3m,full_Heusler_L21,,"[""V"", ""Ga"", ""Fe"", ""Fe""]","[[0.5, 0.5, 0.5], [0.0, 0.0, 0.0], [0.75, 0.75, 0.75], [0.25, 0.25, 0.25]]",A,conventional,doped_recovery,10.1021/acsami.7b15273,,,parent_compound,,structure inherited from the stoichiometric parent; substitution shifts a by <1%,,False,doped,VGaFe2,Fe-Ga-V,reported_lattice,experimental
Ti0.15V0.85Ga1Fe2,4.8,W/m/K,300.0,"experimental, doped/substituted sample (lattice kappa as published)",0,experimental,0.6,5.66398,225.0,Fm-3m,full_Heusler_L21,,"[""V"", ""Ga"", ""Fe"", ""Fe""]","[[0.5, 0.5, 0.5], [0.0, 0.0, 0.0], [0.75, 0.75, 0.75], [0.25, 0.25, 0.25]]",A,conventional,doped_recovery,10.1021/acsami.7b15273,,,parent_compound,,structure inherited from the stoichiometric parent; substitution shifts a by <1%,,False,doped,VGaFe2,Fe-Ga-V,reported_lattice,experimental
Ti0.15V0.85Ga1Fe2,3.2,W/m/K,500.0,"experimental, doped/substituted sample (lattice kappa as published)",0,experimental,0.6,5.66398,225.0,Fm-3m,full_Heusler_L21,,"[""V"", ""Ga"", ""Fe"", ""Fe""]","[[0.5, 0.5, 0.5], [0.0, 0.0, 0.0], [0.75, 0.75, 0.75], [0.25, 0.25, 0.25]]",A,conventional,doped_recovery,10.1021/acsami.7b15273,,,parent_compound,,structure inherited from the stoichiometric parent; substitution shifts a by <1%,,False,doped,VGaFe2,Fe-Ga-V,reported_lattice,experimental
Ti0.2V0.8Ga1Fe2,3.5,W/m/K,300.0,"experimental, doped/substituted sample (lattice kappa as published)",0,experimental,0.6,5.66398,225.0,Fm-3m,full_Heusler_L21,,"[""V"", ""Ga"", ""Fe"", ""Fe""]","[[0.5, 0.5, 0.5], [0.0, 0.0, 0.0], [0.75, 0.75, 0.75], [0.25, 0.25, 0.25]]",A,conventional,doped_recovery,10.1021/acsami.7b15273,,,parent_compound,,structure inherited from the stoichiometric parent; substitution shifts a by <1%,,False,doped,VGaFe2,Fe-Ga-V,reported_lattice,experimental
Ti0.25V0.75Ga1Fe2,2.8,W/m/K,300.0,"experimental, doped/substituted sample (lattice kappa as published)",0,experimental,0.6,5.66398,225.0,Fm-3m,full_Heusler_L21,,"[""V"", ""Ga"", ""Fe"", ""Fe""]","[[0.5, 0.5, 0.5], [0.0, 0.0, 0.0], [0.75, 0.75, 0.75], [0.25, 0.25, 0.25]]",A,conventional,doped_recovery,10.1021/acsami.7b15273,,,parent_compound,,structure inherited from the stoichiometric parent; substitution shifts a by <1%,,False,doped,VGaFe2,Fe-Ga-V,reported_lattice,experimental
Al1V1Fe1.94Cu0.06,11.0,W/m/K,300.0,"experimental, doped/substituted sample (lattice kappa as published)",0,experimental,0.6,5.65709,225.0,Fm-3m,full_Heusler_L21,,"[""Al"", ""V"", ""Fe"", ""Fe""]","[[0.0, 0.0, 0.0], [0.5, 0.5, 0.5], [0.25, 0.25, 0.25], [0.75, 0.75, 0.75]]",A,conventional,doped_recovery,10.1063/1.2959103,,,parent_compound,,structure inherited from the stoichiometric parent; substitution shifts a by <1%,,False,doped,AlVFe2,Al-Fe-V,reported_lattice,experimental
Al1V1Fe1.9Cu0.1,9.5,W/m/K,300.0,"experimental, doped/substituted sample (lattice kappa as published)",0,experimental,0.6,5.65709,225.0,Fm-3m,full_Heusler_L21,,"[""Al"", ""V"", ""Fe"", ""Fe""]","[[0.0, 0.0, 0.0], [0.5, 0.5, 0.5], [0.25, 0.25, 0.25], [0.75, 0.75, 0.75]]",A,conventional,doped_recovery,10.1063/1.2959103,,,parent_compound,,structure inherited from the stoichiometric parent; substitution shifts a by <1%,,False,doped,AlVFe2,Al-Fe-V,reported_lattice,experimental
Zr1Ni1.5Sn1,2.5,W/m/K,300.0,"experimental, doped/substituted sample (lattice kappa as published)",0,experimental,0.6,6.30954,225.0,Fm-3m,full_Heusler_L21,,"[""Zr"", ""Ni"", ""Ni"", ""Sn""]","[[0.0, 0.0, 0.0], [0.25, 0.25, 0.25], [0.75, 0.75, 0.75], [0.5, 0.5, 0.5]]",A,conventional,doped_recovery,10.1021/acsami.1c15955,,,parent_compound,,structure inherited from the stoichiometric parent; substitution shifts a by <1%,,False,doped,ZrNi2Sn,Ni-Sn-Zr,reported_lattice,theoretical
Al0.95V1.05Fe2,19.0,W/m/K,300.0,"experimental, doped/substituted sample (lattice kappa as published)",0,experimental,0.6,5.65709,225.0,Fm-3m,full_Heusler_L21,,"[""Al"", ""V"", ""Fe"", ""Fe""]","[[0.0, 0.0, 0.0], [0.5, 0.5, 0.5], [0.25, 0.25, 0.25], [0.75, 0.75, 0.75]]",A,conventional,doped_recovery,10.1063/1.5034390,,,parent_compound,,structure inherited from the stoichiometric parent; substitution shifts a by <1%,,False,doped,AlVFe2,Al-Fe-V,reported_lattice,experimental
Ta0.05Al0.95V1Fe2,6.0,W/m/K,300.0,"experimental, doped/substituted sample (lattice kappa as published)",0,experimental,0.6,5.65709,225.0,Fm-3m,full_Heusler_L21,,"[""Al"", ""V"", ""Fe"", ""Fe""]","[[0.0, 0.0, 0.0], [0.5, 0.5, 0.5], [0.25, 0.25, 0.25], [0.75, 0.75, 0.75]]",A,conventional,doped_recovery,10.1063/1.5034390,,,parent_compound,,structure inherited from the stoichiometric parent; substitution shifts a by <1%,,False,doped,AlVFe2,Al-Fe-V,reported_lattice,experimental
Ta0.1Al0.9V1Fe2,5.0,W/m/K,300.0,"experimental, doped/substituted sample (lattice kappa as published)",0,experimental,0.6,5.65709,225.0,Fm-3m,full_Heusler_L21,,"[""Al"", ""V"", ""Fe"", ""Fe""]","[[0.0, 0.0, 0.0], [0.5, 0.5, 0.5], [0.25, 0.25, 0.25], [0.75, 0.75, 0.75]]",A,conventional,doped_recovery,10.1063/1.5034390,,,parent_compound,,structure inherited from the stoichiometric parent; substitution shifts a by <1%,,False,doped,AlVFe2,Al-Fe-V,reported_lattice,experimental
Ti1Fe1.875Si1.125,10.0,W/m/K,300.0,"experimental, doped/substituted sample (lattice kappa as published)",0,experimental,0.6,5.622531,225.0,Fm-3m,full Heusler (L2_1 / Cu2MnAl),,"[""Ti"", ""Ti"", ""Ti"", ""Ti"", ""Fe"", ""Fe"", ""Fe"", ""Fe"", ""Fe"", ""Fe"", ""Fe"", ""Fe"", ""Si"", ""Si"", ""Si"", ""Si""]","[[0.0, 0.0, 0.0], [0.0, 0.5, 0.5], [0.5, 0.0, 0.5], [0.5, 0.5, 0.0], [0.25, 0.75, 0.75], [0.25, 0.25, 0.75], [0.25, 0.25, 0.25], [0.25, 0.75, 0.25], [0.75, 0.75, 0.25], [0.75, 0.25, 0.25], [0.75, 0.25, 0.75], [0.75, 0.75, 0.75], [0.5, 0.0, 0.0], [0.5, 0.5, 0.5], [0.0, 0.0, 0.5], [0.0, 0.5, 0.0]]",A,primitive->conventional (x sqrt2),doped_recovery,10.1103/physrevb.86.045116,,,parent_compound,,structure inherited from the stoichiometric parent; substitution shifts a by <1%,,False,doped,TiFe2Si,Fe-Si-Ti,reported_lattice,theoretical
Al0.85V1.15Fe2,8.7,W/m/K,300.0,"experimental, doped/substituted sample (lattice kappa as published)",0,experimental,0.6,5.65709,225.0,Fm-3m,full_Heusler_L21,,"[""Al"", ""V"", ""Fe"", ""Fe""]","[[0.0, 0.0, 0.0], [0.5, 0.5, 0.5], [0.25, 0.25, 0.25], [0.75, 0.75, 0.75]]",A,conventional,doped_recovery,10.1007/s10854-026-17510-7,,,parent_compound,,structure inherited from the stoichiometric parent; substitution shifts a by <1%,,False,doped,AlVFe2,Al-Fe-V,reported_lattice,experimental
Al0.85V1.15Fe2,7.5,W/m/K,400.0,"experimental, doped/substituted sample (lattice kappa as published)",0,experimental,0.6,5.65709,225.0,Fm-3m,full_Heusler_L21,,"[""Al"", ""V"", ""Fe"", ""Fe""]","[[0.0, 0.0, 0.0], [0.5, 0.5, 0.5], [0.25, 0.25, 0.25], [0.75, 0.75, 0.75]]",A,conventional,doped_recovery,10.1007/s10854-026-17510-7,,,parent_compound,,structure inherited from the stoichiometric parent; substitution shifts a by <1%,,False,doped,AlVFe2,Al-Fe-V,reported_lattice,experimental
Al0.85V1.15Fe2,6.8,W/m/K,500.0,"experimental, doped/substituted sample (lattice kappa as published)",0,experimental,0.6,5.65709,225.0,Fm-3m,full_Heusler_L21,,"[""Al"", ""V"", ""Fe"", ""Fe""]","[[0.0, 0.0, 0.0], [0.5, 0.5, 0.5], [0.25, 0.25, 0.25], [0.75, 0.75, 0.75]]",A,conventional,doped_recovery,10.1007/s10854-026-17510-7,,,parent_compound,,structure inherited from the stoichiometric parent; substitution shifts a by <1%,,False,doped,AlVFe2,Al-Fe-V,reported_lattice,experimental
Al0.85V1.15Fe2,6.5,W/m/K,600.0,"experimental, doped/substituted sample (lattice kappa as published)",0,experimental,0.6,5.65709,225.0,Fm-3m,full_Heusler_L21,,"[""Al"", ""V"", ""Fe"", ""Fe""]","[[0.0, 0.0, 0.0], [0.5, 0.5, 0.5], [0.25, 0.25, 0.25], [0.75, 0.75, 0.75]]",A,conventional,doped_recovery,10.1007/s10854-026-17510-7,,,parent_compound,,structure inherited from the stoichiometric parent; substitution shifts a by <1%,,False,doped,AlVFe2,Al-Fe-V,reported_lattice,experimental
Al0.85V1.15Fe2,6.6,W/m/K,700.0,"experimental, doped/substituted sample (lattice kappa as published)",0,experimental,0.6,5.65709,225.0,Fm-3m,full_Heusler_L21,,"[""Al"", ""V"", ""Fe"", ""Fe""]","[[0.0, 0.0, 0.0], [0.5, 0.5, 0.5], [0.25, 0.25, 0.25], [0.75, 0.75, 0.75]]",A,conventional,doped_recovery,10.1007/s10854-026-17510-7,,,parent_compound,,structure inherited from the stoichiometric parent; substitution shifts a by <1%,,False,doped,AlVFe2,Al-Fe-V,reported_lattice,experimental
Al0.85V1.15Fe2,7.0,W/m/K,800.0,"experimental, doped/substituted sample (lattice kappa as published)",0,experimental,0.6,5.65709,225.0,Fm-3m,full_Heusler_L21,,"[""Al"", ""V"", ""Fe"", ""Fe""]","[[0.0, 0.0, 0.0], [0.5, 0.5, 0.5], [0.25, 0.25, 0.25], [0.75, 0.75, 0.75]]",A,conventional,doped_recovery,10.1007/s10854-026-17510-7,,,parent_compound,,structure inherited from the stoichiometric parent; substitution shifts a by <1%,,False,doped,AlVFe2,Al-Fe-V,reported_lattice,experimental
Al0.85V1.15Fe1.97Cu0.03,7.5,W/m/K,300.0,"experimental, doped/substituted sample (lattice kappa as published)",0,experimental,0.6,5.65709,225.0,Fm-3m,full_Heusler_L21,,"[""Al"", ""V"", ""Fe"", ""Fe""]","[[0.0, 0.0, 0.0], [0.5, 0.5, 0.5], [0.25, 0.25, 0.25], [0.75, 0.75, 0.75]]",A,conventional,doped_recovery,10.1007/s10854-026-17510-7,,,parent_compound,,structure inherited from the stoichiometric parent; substitution shifts a by <1%,,False,doped,AlVFe2,Al-Fe-V,reported_lattice,experimental
Al0.85V1.15Fe1.97Cu0.03,6.5,W/m/K,400.0,"experimental, doped/substituted sample (lattice kappa as published)",0,experimental,0.6,5.65709,225.0,Fm-3m,full_Heusler_L21,,"[""Al"", ""V"", ""Fe"", ""Fe""]","[[0.0, 0.0, 0.0], [0.5, 0.5, 0.5], [0.25, 0.25, 0.25], [0.75, 0.75, 0.75]]",A,conventional,doped_recovery,10.1007/s10854-026-17510-7,,,parent_compound,,structure inherited from the stoichiometric parent; substitution shifts a by <1%,,False,doped,AlVFe2,Al-Fe-V,reported_lattice,experimental
Al0.85V1.15Fe1.97Cu0.03,5.8,W/m/K,500.0,"experimental, doped/substituted sample (lattice kappa as published)",0,experimental,0.6,5.65709,225.0,Fm-3m,full_Heusler_L21,,"[""Al"", ""V"", ""Fe"", ""Fe""]","[[0.0, 0.0, 0.0], [0.5, 0.5, 0.5], [0.25, 0.25, 0.25], [0.75, 0.75, 0.75]]",A,conventional,doped_recovery,10.1007/s10854-026-17510-7,,,parent_compound,,structure inherited from the stoichiometric parent; substitution shifts a by <1%,,False,doped,AlVFe2,Al-Fe-V,reported_lattice,experimental
Al0.85V1.15Fe1.97Cu0.03,5.6,W/m/K,600.0,"experimental, doped/substituted sample (lattice kappa as published)",0,experimental,0.6,5.65709,225.0,Fm-3m,full_Heusler_L21,,"[""Al"", ""V"", ""Fe"", ""Fe""]","[[0.0, 0.0, 0.0], [0.5, 0.5, 0.5], [0.25, 0.25, 0.25], [0.75, 0.75, 0.75]]",A,conventional,doped_recovery,10.1007/s10854-026-17510-7,,,parent_compound,,structure inherited from the stoichiometric parent; substitution shifts a by <1%,,False,doped,AlVFe2,Al-Fe-V,reported_lattice,experimental
Al0.85V1.15Fe1.97Cu0.03,5.8,W/m/K,700.0,"experimental, doped/substituted sample (lattice kappa as published)",0,experimental,0.6,5.65709,225.0,Fm-3m,full_Heusler_L21,,"[""Al"", ""V"", ""Fe"", ""Fe""]","[[0.0, 0.0, 0.0], [0.5, 0.5, 0.5], [0.25, 0.25, 0.25], [0.75, 0.75, 0.75]]",A,conventional,doped_recovery,10.1007/s10854-026-17510-7,,,parent_compound,,structure inherited from the stoichiometric parent; substitution shifts a by <1%,,False,doped,AlVFe2,Al-Fe-V,reported_lattice,experimental
Al0.85V1.15Fe1.97Cu0.03,6.3,W/m/K,800.0,"experimental, doped/substituted sample (lattice kappa as published)",0,experimental,0.6,5.65709,225.0,Fm-3m,full_Heusler_L21,,"[""Al"", ""V"", ""Fe"", ""Fe""]","[[0.0, 0.0, 0.0], [0.5, 0.5, 0.5], [0.25, 0.25, 0.25], [0.75, 0.75, 0.75]]",A,conventional,doped_recovery,10.1007/s10854-026-17510-7,,,parent_compound,,structure inherited from the stoichiometric parent; substitution shifts a by <1%,,False,doped,AlVFe2,Al-Fe-V,reported_lattice,experimental
Al0.85V1.15Fe1.94Cu0.06,6.8,W/m/K,300.0,"experimental, doped/substituted sample (lattice kappa as published)",0,experimental,0.6,5.65709,225.0,Fm-3m,full_Heusler_L21,,"[""Al"", ""V"", ""Fe"", ""Fe""]","[[0.0, 0.0, 0.0], [0.5, 0.5, 0.5], [0.25, 0.25, 0.25], [0.75, 0.75, 0.75]]",A,conventional,doped_recovery,10.1007/s10854-026-17510-7,,,parent_compound,,structure inherited from the stoichiometric parent; substitution shifts a by <1%,,False,doped,AlVFe2,Al-Fe-V,reported_lattice,experimental
Al0.85V1.15Fe1.94Cu0.06,6.0,W/m/K,400.0,"experimental, doped/substituted sample (lattice kappa as published)",0,experimental,0.6,5.65709,225.0,Fm-3m,full_Heusler_L21,,"[""Al"", ""V"", ""Fe"", ""Fe""]","[[0.0, 0.0, 0.0], [0.5, 0.5, 0.5], [0.25, 0.25, 0.25], [0.75, 0.75, 0.75]]",A,conventional,doped_recovery,10.1007/s10854-026-17510-7,,,parent_compound,,structure inherited from the stoichiometric parent; substitution shifts a by <1%,,False,doped,AlVFe2,Al-Fe-V,reported_lattice,experimental
Al0.85V1.15Fe1.94Cu0.06,5.5,W/m/K,500.0,"experimental, doped/substituted sample (lattice kappa as published)",0,experimental,0.6,5.65709,225.0,Fm-3m,full_Heusler_L21,,"[""Al"", ""V"", ""Fe"", ""Fe""]","[[0.0, 0.0, 0.0], [0.5, 0.5, 0.5], [0.25, 0.25, 0.25], [0.75, 0.75, 0.75]]",A,conventional,doped_recovery,10.1007/s10854-026-17510-7,,,parent_compound,,structure inherited from the stoichiometric parent; substitution shifts a by <1%,,False,doped,AlVFe2,Al-Fe-V,reported_lattice,experimental
Al0.85V1.15Fe1.94Cu0.06,5.4,W/m/K,600.0,"experimental, doped/substituted sample (lattice kappa as published)",0,experimental,0.6,5.65709,225.0,Fm-3m,full_Heusler_L21,,"[""Al"", ""V"", ""Fe"", ""Fe""]","[[0.0, 0.0, 0.0], [0.5, 0.5, 0.5], [0.25, 0.25, 0.25], [0.75, 0.75, 0.75]]",A,conventional,doped_recovery,10.1007/s10854-026-17510-7,,,parent_compound,,structure inherited from the stoichiometric parent; substitution shifts a by <1%,,False,doped,AlVFe2,Al-Fe-V,reported_lattice,experimental
Al0.85V1.15Fe1.94Cu0.06,5.6,W/m/K,700.0,"experimental, doped/substituted sample (lattice kappa as published)",0,experimental,0.6,5.65709,225.0,Fm-3m,full_Heusler_L21,,"[""Al"", ""V"", ""Fe"", ""Fe""]","[[0.0, 0.0, 0.0], [0.5, 0.5, 0.5], [0.25, 0.25, 0.25], [0.75, 0.75, 0.75]]",A,conventional,doped_recovery,10.1007/s10854-026-17510-7,,,parent_compound,,structure inherited from the stoichiometric parent; substitution shifts a by <1%,,False,doped,AlVFe2,Al-Fe-V,reported_lattice,experimental
Al0.85V1.15Fe1.94Cu0.06,6.2,W/m/K,800.0,"experimental, doped/substituted sample (lattice kappa as published)",0,experimental,0.6,5.65709,225.0,Fm-3m,full_Heusler_L21,,"[""Al"", ""V"", ""Fe"", ""Fe""]","[[0.0, 0.0, 0.0], [0.5, 0.5, 0.5], [0.25, 0.25, 0.25], [0.75, 0.75, 0.75]]",A,conventional,doped_recovery,10.1007/s10854-026-17510-7,,,parent_compound,,structure inherited from the stoichiometric parent; substitution shifts a by <1%,,False,doped,AlVFe2,Al-Fe-V,reported_lattice,experimental
Al0.85V1.15Fe1.91Cu0.09,6.2,W/m/K,300.0,"experimental, doped/substituted sample (lattice kappa as published)",0,experimental,0.6,5.65709,225.0,Fm-3m,full_Heusler_L21,,"[""Al"", ""V"", ""Fe"", ""Fe""]","[[0.0, 0.0, 0.0], [0.5, 0.5, 0.5], [0.25, 0.25, 0.25], [0.75, 0.75, 0.75]]",A,conventional,doped_recovery,10.1007/s10854-026-17510-7,,,parent_compound,,structure inherited from the stoichiometric parent; substitution shifts a by <1%,,False,doped,AlVFe2,Al-Fe-V,reported_lattice,experimental
Al0.85V1.15Fe1.91Cu0.09,5.5,W/m/K,400.0,"experimental, doped/substituted sample (lattice kappa as published)",0,experimental,0.6,5.65709,225.0,Fm-3m,full_Heusler_L21,,"[""Al"", ""V"", ""Fe"", ""Fe""]","[[0.0, 0.0, 0.0], [0.5, 0.5, 0.5], [0.25, 0.25, 0.25], [0.75, 0.75, 0.75]]",A,conventional,doped_recovery,10.1007/s10854-026-17510-7,,,parent_compound,,structure inherited from the stoichiometric parent; substitution shifts a by <1%,,False,doped,AlVFe2,Al-Fe-V,reported_lattice,experimental
Al0.85V1.15Fe1.91Cu0.09,5.0,W/m/K,500.0,"experimental, doped/substituted sample (lattice kappa as published)",0,experimental,0.6,5.65709,225.0,Fm-3m,full_Heusler_L21,,"[""Al"", ""V"", ""Fe"", ""Fe""]","[[0.0, 0.0, 0.0], [0.5, 0.5, 0.5], [0.25, 0.25, 0.25], [0.75, 0.75, 0.75]]",A,conventional,doped_recovery,10.1007/s10854-026-17510-7,,,parent_compound,,structure inherited from the stoichiometric parent; substitution shifts a by <1%,,False,doped,AlVFe2,Al-Fe-V,reported_lattice,experimental
Al0.85V1.15Fe1.91Cu0.09,4.9,W/m/K,600.0,"experimental, doped/substituted sample (lattice kappa as published)",0,experimental,0.6,5.65709,225.0,Fm-3m,full_Heusler_L21,,"[""Al"", ""V"", ""Fe"", ""Fe""]","[[0.0, 0.0, 0.0], [0.5, 0.5, 0.5], [0.25, 0.25, 0.25], [0.75, 0.75, 0.75]]",A,conventional,doped_recovery,10.1007/s10854-026-17510-7,,,parent_compound,,structure inherited from the stoichiometric parent; substitution shifts a by <1%,,False,doped,AlVFe2,Al-Fe-V,reported_lattice,experimental
Al0.85V1.15Fe1.91Cu0.09,5.0,W/m/K,700.0,"experimental, doped/substituted sample (lattice kappa as published)",0,experimental,0.6,5.65709,225.0,Fm-3m,full_Heusler_L21,,"[""Al"", ""V"", ""Fe"", ""Fe""]","[[0.0, 0.0, 0.0], [0.5, 0.5, 0.5], [0.25, 0.25, 0.25], [0.75, 0.75, 0.75]]",A,conventional,doped_recovery,10.1007/s10854-026-17510-7,,,parent_compound,,structure inherited from the stoichiometric parent; substitution shifts a by <1%,,False,doped,AlVFe2,Al-Fe-V,reported_lattice,experimental
Al0.85V1.15Fe1.91Cu0.09,5.5,W/m/K,800.0,"experimental, doped/substituted sample (lattice kappa as published)",0,experimental,0.6,5.65709,225.0,Fm-3m,full_Heusler_L21,,"[""Al"", ""V"", ""Fe"", ""Fe""]","[[0.0, 0.0, 0.0], [0.5, 0.5, 0.5], [0.25, 0.25, 0.25], [0.75, 0.75, 0.75]]",A,conventional,doped_recovery,10.1007/s10854-026-17510-7,,,parent_compound,,structure inherited from the stoichiometric parent; substitution shifts a by <1%,,False,doped,AlVFe2,Al-Fe-V,reported_lattice,experimental
Al0.85V1.15Fe1.88Cu0.12,6.0,W/m/K,300.0,"experimental, doped/substituted sample (lattice kappa as published)",0,experimental,0.6,5.65709,225.0,Fm-3m,full_Heusler_L21,,"[""Al"", ""V"", ""Fe"", ""Fe""]","[[0.0, 0.0, 0.0], [0.5, 0.5, 0.5], [0.25, 0.25, 0.25], [0.75, 0.75, 0.75]]",A,conventional,doped_recovery,10.1007/s10854-026-17510-7,,,parent_compound,,structure inherited from the stoichiometric parent; substitution shifts a by <1%,,False,doped,AlVFe2,Al-Fe-V,reported_lattice,experimental
Al0.85V1.15Fe1.88Cu0.12,5.2,W/m/K,400.0,"experimental, doped/substituted sample (lattice kappa as published)",0,experimental,0.6,5.65709,225.0,Fm-3m,full_Heusler_L21,,"[""Al"", ""V"", ""Fe"", ""Fe""]","[[0.0, 0.0, 0.0], [0.5, 0.5, 0.5], [0.25, 0.25, 0.25], [0.75, 0.75, 0.75]]",A,conventional,doped_recovery,10.1007/s10854-026-17510-7,,,parent_compound,,structure inherited from the stoichiometric parent; substitution shifts a by <1%,,False,doped,AlVFe2,Al-Fe-V,reported_lattice,experimental
Al0.85V1.15Fe1.88Cu0.12,4.8,W/m/K,500.0,"experimental, doped/substituted sample (lattice kappa as published)",0,experimental,0.6,5.65709,225.0,Fm-3m,full_Heusler_L21,,"[""Al"", ""V"", ""Fe"", ""Fe""]","[[0.0, 0.0, 0.0], [0.5, 0.5, 0.5], [0.25, 0.25, 0.25], [0.75, 0.75, 0.75]]",A,conventional,doped_recovery,10.1007/s10854-026-17510-7,,,parent_compound,,structure inherited from the stoichiometric parent; substitution shifts a by <1%,,False,doped,AlVFe2,Al-Fe-V,reported_lattice,experimental
Al0.85V1.15Fe1.88Cu0.12,4.7,W/m/K,600.0,"experimental, doped/substituted sample (lattice kappa as published)",0,experimental,0.6,5.65709,225.0,Fm-3m,full_Heusler_L21,,"[""Al"", ""V"", ""Fe"", ""Fe""]","[[0.0, 0.0, 0.0], [0.5, 0.5, 0.5], [0.25, 0.25, 0.25], [0.75, 0.75, 0.75]]",A,conventional,doped_recovery,10.1007/s10854-026-17510-7,,,parent_compound,,structure inherited from the stoichiometric parent; substitution shifts a by <1%,,False,doped,AlVFe2,Al-Fe-V,reported_lattice,experimental
Al0.85V1.15Fe1.88Cu0.12,4.8,W/m/K,700.0,"experimental, doped/substituted sample (lattice kappa as published)",0,experimental,0.6,5.65709,225.0,Fm-3m,full_Heusler_L21,,"[""Al"", ""V"", ""Fe"", ""Fe""]","[[0.0, 0.0, 0.0], [0.5, 0.5, 0.5], [0.25, 0.25, 0.25], [0.75, 0.75, 0.75]]",A,conventional,doped_recovery,10.1007/s10854-026-17510-7,,,parent_compound,,structure inherited from the stoichiometric parent; substitution shifts a by <1%,,False,doped,AlVFe2,Al-Fe-V,reported_lattice,experimental
Al0.85V1.15Fe1.88Cu0.12,5.3,W/m/K,800.0,"experimental, doped/substituted sample (lattice kappa as published)",0,experimental,0.6,5.65709,225.0,Fm-3m,full_Heusler_L21,,"[""Al"", ""V"", ""Fe"", ""Fe""]","[[0.0, 0.0, 0.0], [0.5, 0.5, 0.5], [0.25, 0.25, 0.25], [0.75, 0.75, 0.75]]",A,conventional,doped_recovery,10.1007/s10854-026-17510-7,,,parent_compound,,structure inherited from the stoichiometric parent; substitution shifts a by <1%,,False,doped,AlVFe2,Al-Fe-V,reported_lattice,experimental
Al0.85V1.15Fe1.85Cu0.15,5.6,W/m/K,300.0,"experimental, doped/substituted sample (lattice kappa as published)",0,experimental,0.6,5.65709,225.0,Fm-3m,full_Heusler_L21,,"[""Al"", ""V"", ""Fe"", ""Fe""]","[[0.0, 0.0, 0.0], [0.5, 0.5, 0.5], [0.25, 0.25, 0.25], [0.75, 0.75, 0.75]]",A,conventional,doped_recovery,10.1007/s10854-026-17510-7,,,parent_compound,,structure inherited from the stoichiometric parent; substitution shifts a by <1%,,False,doped,AlVFe2,Al-Fe-V,reported_lattice,experimental
Al0.85V1.15Fe1.85Cu0.15,4.9,W/m/K,400.0,"experimental, doped/substituted sample (lattice kappa as published)",0,experimental,0.6,5.65709,225.0,Fm-3m,full_Heusler_L21,,"[""Al"", ""V"", ""Fe"", ""Fe""]","[[0.0, 0.0, 0.0], [0.5, 0.5, 0.5], [0.25, 0.25, 0.25], [0.75, 0.75, 0.75]]",A,conventional,doped_recovery,10.1007/s10854-026-17510-7,,,parent_compound,,structure inherited from the stoichiometric parent; substitution shifts a by <1%,,False,doped,AlVFe2,Al-Fe-V,reported_lattice,experimental
Al0.85V1.15Fe1.85Cu0.15,4.8,W/m/K,500.0,"experimental, doped/substituted sample (lattice kappa as published)",0,experimental,0.6,5.65709,225.0,Fm-3m,full_Heusler_L21,,"[""Al"", ""V"", ""Fe"", ""Fe""]","[[0.0, 0.0, 0.0], [0.5, 0.5, 0.5], [0.25, 0.25, 0.25], [0.75, 0.75, 0.75]]",A,conventional,doped_recovery,10.1007/s10854-026-17510-7,,,parent_compound,,structure inherited from the stoichiometric parent; substitution shifts a by <1%,,False,doped,AlVFe2,Al-Fe-V,reported_lattice,experimental
Al0.85V1.15Fe1.85Cu0.15,4.8,W/m/K,570.0,"experimental, doped/substituted sample (lattice kappa as published)",0,experimental,0.6,5.65709,225.0,Fm-3m,full_Heusler_L21,,"[""Al"", ""V"", ""Fe"", ""Fe""]","[[0.0, 0.0, 0.0], [0.5, 0.5, 0.5], [0.25, 0.25, 0.25], [0.75, 0.75, 0.75]]",A,conventional,doped_recovery,10.1007/s10854-026-17510-7,,,parent_compound,,structure inherited from the stoichiometric parent; substitution shifts a by <1%,,False,doped,AlVFe2,Al-Fe-V,reported_lattice,experimental
Al0.85V1.15Fe1.85Cu0.15,4.6,W/m/K,600.0,"experimental, doped/substituted sample (lattice kappa as published)",0,experimental,0.6,5.65709,225.0,Fm-3m,full_Heusler_L21,,"[""Al"", ""V"", ""Fe"", ""Fe""]","[[0.0, 0.0, 0.0], [0.5, 0.5, 0.5], [0.25, 0.25, 0.25], [0.75, 0.75, 0.75]]",A,conventional,doped_recovery,10.1007/s10854-026-17510-7,,,parent_compound,,structure inherited from the stoichiometric parent; substitution shifts a by <1%,,False,doped,AlVFe2,Al-Fe-V,reported_lattice,experimental
Al0.85V1.15Fe1.85Cu0.15,4.7,W/m/K,700.0,"experimental, doped/substituted sample (lattice kappa as published)",0,experimental,0.6,5.65709,225.0,Fm-3m,full_Heusler_L21,,"[""Al"", ""V"", ""Fe"", ""Fe""]","[[0.0, 0.0, 0.0], [0.5, 0.5, 0.5], [0.25, 0.25, 0.25], [0.75, 0.75, 0.75]]",A,conventional,doped_recovery,10.1007/s10854-026-17510-7,,,parent_compound,,structure inherited from the stoichiometric parent; substitution shifts a by <1%,,False,doped,AlVFe2,Al-Fe-V,reported_lattice,experimental
Al0.85V1.15Fe1.85Cu0.15,5.1,W/m/K,800.0,"experimental, doped/substituted sample (lattice kappa as published)",0,experimental,0.6,5.65709,225.0,Fm-3m,full_Heusler_L21,,"[""Al"", ""V"", ""Fe"", ""Fe""]","[[0.0, 0.0, 0.0], [0.5, 0.5, 0.5], [0.25, 0.25, 0.25], [0.75, 0.75, 0.75]]",A,conventional,doped_recovery,10.1007/s10854-026-17510-7,,,parent_compound,,structure inherited from the stoichiometric parent; substitution shifts a by <1%,,False,doped,AlVFe2,Al-Fe-V,reported_lattice,experimental
Ti0.1Al1V0.9Fe2,10.0,W/m/K,400.0,"experimental, doped/substituted sample (lattice kappa as published)",0,experimental,0.6,5.65709,225.0,Fm-3m,full_Heusler_L21,,"[""Al"", ""V"", ""Fe"", ""Fe""]","[[0.0, 0.0, 0.0], [0.5, 0.5, 0.5], [0.25, 0.25, 0.25], [0.75, 0.75, 0.75]]",A,conventional,doped_recovery,10.1007/s11664-012-2433-7,,,parent_compound,,structure inherited from the stoichiometric parent; substitution shifts a by <1%,,False,doped,AlVFe2,Al-Fe-V,reported_lattice,experimental
Al1V0.9Fe2W0.1,4.5,W/m/K,400.0,"experimental, doped/substituted sample (lattice kappa as published)",0,experimental,0.6,5.65709,225.0,Fm-3m,full_Heusler_L21,,"[""Al"", ""V"", ""Fe"", ""Fe""]","[[0.0, 0.0, 0.0], [0.5, 0.5, 0.5], [0.25, 0.25, 0.25], [0.75, 0.75, 0.75]]",A,conventional,doped_recovery,10.1007/s11664-012-2433-7,,,parent_compound,,structure inherited from the stoichiometric parent; substitution shifts a by <1%,,False,doped,AlVFe2,Al-Fe-V,reported_lattice,experimental
Ti0.15Al1V0.75Fe2W0.1,4.0,W/m/K,400.0,"experimental, doped/substituted sample (lattice kappa as published)",0,experimental,0.6,5.65709,225.0,Fm-3m,full_Heusler_L21,,"[""Al"", ""V"", ""Fe"", ""Fe""]","[[0.0, 0.0, 0.0], [0.5, 0.5, 0.5], [0.25, 0.25, 0.25], [0.75, 0.75, 0.75]]",A,conventional,doped_recovery,10.1007/s11664-012-2433-7,,,parent_compound,,structure inherited from the stoichiometric parent; substitution shifts a by <1%,,False,doped,AlVFe2,Al-Fe-V,reported_lattice,experimental
Ti0.2Al1V0.7Fe2W0.1,3.8,W/m/K,400.0,"experimental, doped/substituted sample (lattice kappa as published)",0,experimental,0.6,5.65709,225.0,Fm-3m,full_Heusler_L21,,"[""Al"", ""V"", ""Fe"", ""Fe""]","[[0.0, 0.0, 0.0], [0.5, 0.5, 0.5], [0.25, 0.25, 0.25], [0.75, 0.75, 0.75]]",A,conventional,doped_recovery,10.1007/s11664-012-2433-7,,,parent_compound,,structure inherited from the stoichiometric parent; substitution shifts a by <1%,,False,doped,AlVFe2,Al-Fe-V,reported_lattice,experimental
Ti0.25Al1V0.65Fe2W0.1,3.5,W/m/K,400.0,"experimental, doped/substituted sample (lattice kappa as published)",0,experimental,0.6,5.65709,225.0,Fm-3m,full_Heusler_L21,,"[""Al"", ""V"", ""Fe"", ""Fe""]","[[0.0, 0.0, 0.0], [0.5, 0.5, 0.5], [0.25, 0.25, 0.25], [0.75, 0.75, 0.75]]",A,conventional,doped_recovery,10.1007/s11664-012-2433-7,,,parent_compound,,structure inherited from the stoichiometric parent; substitution shifts a by <1%,,False,doped,AlVFe2,Al-Fe-V,reported_lattice,experimental
Ti0.3Al1V0.6Fe2W0.1,3.2,W/m/K,400.0,"experimental, doped/substituted sample (lattice kappa as published)",0,experimental,0.6,5.65709,225.0,Fm-3m,full_Heusler_L21,,"[""Al"", ""V"", ""Fe"", ""Fe""]","[[0.0, 0.0, 0.0], [0.5, 0.5, 0.5], [0.25, 0.25, 0.25], [0.75, 0.75, 0.75]]",A,conventional,doped_recovery,10.1007/s11664-012-2433-7,,,parent_compound,,structure inherited from the stoichiometric parent; substitution shifts a by <1%,,False,doped,AlVFe2,Al-Fe-V,reported_lattice,experimental
Al0.95V1Fe2Si0.05,19.9,W/m/K,300.0,"experimental, doped/substituted sample (lattice kappa as published)",0,experimental,0.6,5.65709,225.0,Fm-3m,full_Heusler_L21,,"[""Al"", ""V"", ""Fe"", ""Fe""]","[[0.0, 0.0, 0.0], [0.5, 0.5, 0.5], [0.25, 0.25, 0.25], [0.75, 0.75, 0.75]]",A,conventional,doped_recovery,10.1007/s11664-013-2532-0,,,parent_compound,,structure inherited from the stoichiometric parent; substitution shifts a by <1%,,False,doped,AlVFe2,Al-Fe-V,reported_lattice,experimental
Al0.97V1.05Fe1.95Si0.03,18.6,W/m/K,300.0,"experimental, doped/substituted sample (lattice kappa as published)",0,experimental,0.6,5.65709,225.0,Fm-3m,full_Heusler_L21,,"[""Al"", ""V"", ""Fe"", ""Fe""]","[[0.0, 0.0, 0.0], [0.5, 0.5, 0.5], [0.25, 0.25, 0.25], [0.75, 0.75, 0.75]]",A,conventional,doped_recovery,10.1007/s11664-013-2532-0,,,parent_compound,,structure inherited from the stoichiometric parent; substitution shifts a by <1%,,False,doped,AlVFe2,Al-Fe-V,reported_lattice,experimental
Ta0.05Al0.95V0.95Fe2Si0.05,7.0,W/m/K,300.0,"experimental, doped/substituted sample (lattice kappa as published)",0,experimental,0.6,5.65709,225.0,Fm-3m,full_Heusler_L21,,"[""Al"", ""V"", ""Fe"", ""Fe""]","[[0.0, 0.0, 0.0], [0.5, 0.5, 0.5], [0.25, 0.25, 0.25], [0.75, 0.75, 0.75]]",A,conventional,doped_recovery,10.1007/s11664-013-2532-0,,,parent_compound,,structure inherited from the stoichiometric parent; substitution shifts a by <1%,,False,doped,AlVFe2,Al-Fe-V,reported_lattice,experimental
Ta0.05Al0.9V0.97Fe1.98Si0.1,6.5,W/m/K,300.0,"experimental, doped/substituted sample (lattice kappa as published)",0,experimental,0.6,5.65709,225.0,Fm-3m,full_Heusler_L21,,"[""Al"", ""V"", ""Fe"", ""Fe""]","[[0.0, 0.0, 0.0], [0.5, 0.5, 0.5], [0.25, 0.25, 0.25], [0.75, 0.75, 0.75]]",A,conventional,doped_recovery,10.1007/s11664-013-2532-0,,,parent_compound,,structure inherited from the stoichiometric parent; substitution shifts a by <1%,,False,doped,AlVFe2,Al-Fe-V,reported_lattice,experimental
Ta0.05Al0.95V1Fe1.95Si0.05,6.8,W/m/K,300.0,"experimental, doped/substituted sample (lattice kappa as published)",0,experimental,0.6,5.65709,225.0,Fm-3m,full_Heusler_L21,,"[""Al"", ""V"", ""Fe"", ""Fe""]","[[0.0, 0.0, 0.0], [0.5, 0.5, 0.5], [0.25, 0.25, 0.25], [0.75, 0.75, 0.75]]",A,conventional,doped_recovery,10.1007/s11664-013-2532-0,,,parent_compound,,structure inherited from the stoichiometric parent; substitution shifts a by <1%,,False,doped,AlVFe2,Al-Fe-V,reported_lattice,experimental
Ta0.05Al0.97V1Fe1.95Si0.03,6.9,W/m/K,300.0,"experimental, doped/substituted sample (lattice kappa as published)",0,experimental,0.6,5.65709,225.0,Fm-3m,full_Heusler_L21,,"[""Al"", ""V"", ""Fe"", ""Fe""]","[[0.0, 0.0, 0.0], [0.5, 0.5, 0.5], [0.25, 0.25, 0.25], [0.75, 0.75, 0.75]]",A,conventional,doped_recovery,10.1007/s11664-013-2532-0,,,parent_compound,,structure inherited from the stoichiometric parent; substitution shifts a by <1%,,False,doped,AlVFe2,Al-Fe-V,reported_lattice,experimental
Ta0.1Al0.92V0.98Fe2,4.5,W/m/K,350.0,"experimental, doped/substituted sample (lattice kappa as published)",0,experimental,0.6,5.65709,225.0,Fm-3m,full_Heusler_L21,,"[""Al"", ""V"", ""Fe"", ""Fe""]","[[0.0, 0.0, 0.0], [0.5, 0.5, 0.5], [0.25, 0.25, 0.25], [0.75, 0.75, 0.75]]",A,conventional,doped_recovery,10.1007/s00339-022-05329-y,,,parent_compound,,structure inherited from the stoichiometric parent; substitution shifts a by <1%,,False,doped,AlVFe2,Al-Fe-V,reported_lattice,experimental
Ta0.1Al0.92V0.98Fe2,1.3,W/m/K,350.0,"experimental, doped/substituted sample (lattice kappa as published)",0,experimental,0.6,5.65709,225.0,Fm-3m,full_Heusler_L21,,"[""Al"", ""V"", ""Fe"", ""Fe""]","[[0.0, 0.0, 0.0], [0.5, 0.5, 0.5], [0.25, 0.25, 0.25], [0.75, 0.75, 0.75]]",A,conventional,doped_recovery,10.1007/s00339-022-05329-y,,,parent_compound,,structure inherited from the stoichiometric parent; substitution shifts a by <1%,,False,doped,AlVFe2,Al-Fe-V,reported_lattice,experimental
Ta0.1Al1V0.9Fe2,7.8,W/m/K,350.0,"experimental, doped/substituted sample (lattice kappa as published)",0,experimental,0.6,5.65709,225.0,Fm-3m,full_Heusler_L21,,"[""Al"", ""V"", ""Fe"", ""Fe""]","[[0.0, 0.0, 0.0], [0.5, 0.5, 0.5], [0.25, 0.25, 0.25], [0.75, 0.75, 0.75]]",A,conventional,doped_recovery,10.1007/s00339-022-05329-y,,,parent_compound,,structure inherited from the stoichiometric parent; substitution shifts a by <1%,,False,doped,AlVFe2,Al-Fe-V,reported_lattice,experimental
Ta0.1Al0.98V0.92Fe2,6.8,W/m/K,350.0,"experimental, doped/substituted sample (lattice kappa as published)",0,experimental,0.6,5.65709,225.0,Fm-3m,full_Heusler_L21,,"[""Al"", ""V"", ""Fe"", ""Fe""]","[[0.0, 0.0, 0.0], [0.5, 0.5, 0.5], [0.25, 0.25, 0.25], [0.75, 0.75, 0.75]]",A,conventional,doped_recovery,10.1007/s00339-022-05329-y,,,parent_compound,,structure inherited from the stoichiometric parent; substitution shifts a by <1%,,False,doped,AlVFe2,Al-Fe-V,reported_lattice,experimental
Ta0.1Al0.96V0.94Fe2,5.8,W/m/K,350.0,"experimental, doped/substituted sample (lattice kappa as published)",0,experimental,0.6,5.65709,225.0,Fm-3m,full_Heusler_L21,,"[""Al"", ""V"", ""Fe"", ""Fe""]","[[0.0, 0.0, 0.0], [0.5, 0.5, 0.5], [0.25, 0.25, 0.25], [0.75, 0.75, 0.75]]",A,conventional,doped_recovery,10.1007/s00339-022-05329-y,,,parent_compound,,structure inherited from the stoichiometric parent; substitution shifts a by <1%,,False,doped,AlVFe2,Al-Fe-V,reported_lattice,experimental
Ta0.1Al0.94V0.96Fe2,5.0,W/m/K,350.0,"experimental, doped/substituted sample (lattice kappa as published)",0,experimental,0.6,5.65709,225.0,Fm-3m,full_Heusler_L21,,"[""Al"", ""V"", ""Fe"", ""Fe""]","[[0.0, 0.0, 0.0], [0.5, 0.5, 0.5], [0.25, 0.25, 0.25], [0.75, 0.75, 0.75]]",A,conventional,doped_recovery,10.1007/s00339-022-05329-y,,,parent_compound,,structure inherited from the stoichiometric parent; substitution shifts a by <1%,,False,doped,AlVFe2,Al-Fe-V,reported_lattice,experimental
Ta0.1Al0.9V1Fe2,4.4,W/m/K,350.0,"experimental, doped/substituted sample (lattice kappa as published)",0,experimental,0.6,5.65709,225.0,Fm-3m,full_Heusler_L21,,"[""Al"", ""V"", ""Fe"", ""Fe""]","[[0.0, 0.0, 0.0], [0.5, 0.5, 0.5], [0.25, 0.25, 0.25], [0.75, 0.75, 0.75]]",A,conventional,doped_recovery,10.1007/s00339-022-05329-y,,,parent_compound,,structure inherited from the stoichiometric parent; substitution shifts a by <1%,,False,doped,AlVFe2,Al-Fe-V,reported_lattice,experimental
Ti0.94V0.06Fe2Sn1,4.3,W/m/K,300.0,"experimental, doped/substituted sample (lattice kappa as published)",0,experimental,0.6,6.03014,225.0,Fm-3m,full_Heusler_L21,,"[""Ti"", ""Fe"", ""Fe"", ""Sn""]","[[0.0, 0.0, 0.0], [0.75, 0.75, 0.75], [0.25, 0.25, 0.25], [0.5, 0.5, 0.5]]",A,conventional,doped_recovery,10.1134/s1063782619060277,,,parent_compound,,structure inherited from the stoichiometric parent; substitution shifts a by <1%,,False,doped,TiFe2Sn,Fe-Sn-Ti,reported_lattice,experimental
Ti0.94V0.06Fe2Sn1,4.1,W/m/K,400.0,"experimental, doped/substituted sample (lattice kappa as published)",0,experimental,0.6,6.03014,225.0,Fm-3m,full_Heusler_L21,,"[""Ti"", ""Fe"", ""Fe"", ""Sn""]","[[0.0, 0.0, 0.0], [0.75, 0.75, 0.75], [0.25, 0.25, 0.25], [0.5, 0.5, 0.5]]",A,conventional,doped_recovery,10.1134/s1063782619060277,,,parent_compound,,structure inherited from the stoichiometric parent; substitution shifts a by <1%,,False,doped,TiFe2Sn,Fe-Sn-Ti,reported_lattice,experimental
Ti0.94V0.06Fe2Sn1,3.9,W/m/K,500.0,"experimental, doped/substituted sample (lattice kappa as published)",0,experimental,0.6,6.03014,225.0,Fm-3m,full_Heusler_L21,,"[""Ti"", ""Fe"", ""Fe"", ""Sn""]","[[0.0, 0.0, 0.0], [0.75, 0.75, 0.75], [0.25, 0.25, 0.25], [0.5, 0.5, 0.5]]",A,conventional,doped_recovery,10.1134/s1063782619060277,,,parent_compound,,structure inherited from the stoichiometric parent; substitution shifts a by <1%,,False,doped,TiFe2Sn,Fe-Sn-Ti,reported_lattice,experimental
Ti0.94V0.06Fe2Sn1,3.7,W/m/K,573.0,"experimental, doped/substituted sample (lattice kappa as published)",0,experimental,0.6,6.03014,225.0,Fm-3m,full_Heusler_L21,,"[""Ti"", ""Fe"", ""Fe"", ""Sn""]","[[0.0, 0.0, 0.0], [0.75, 0.75, 0.75], [0.25, 0.25, 0.25], [0.5, 0.5, 0.5]]",A,conventional,doped_recovery,10.1134/s1063782619060277,,,parent_compound,,structure inherited from the stoichiometric parent; substitution shifts a by <1%,,False,doped,TiFe2Sn,Fe-Sn-Ti,reported_lattice,experimental
Ti0.85V0.15Fe2Sn1,3.3,W/m/K,300.0,"experimental, doped/substituted sample (lattice kappa as published)",0,experimental,0.6,6.03014,225.0,Fm-3m,full_Heusler_L21,,"[""Ti"", ""Fe"", ""Fe"", ""Sn""]","[[0.0, 0.0, 0.0], [0.75, 0.75, 0.75], [0.25, 0.25, 0.25], [0.5, 0.5, 0.5]]",A,conventional,doped_recovery,10.1134/s1063782619060277,,,parent_compound,,structure inherited from the stoichiometric parent; substitution shifts a by <1%,,False,doped,TiFe2Sn,Fe-Sn-Ti,reported_lattice,experimental
Ti0.85V0.15Fe2Sn1,3.1,W/m/K,400.0,"experimental, doped/substituted sample (lattice kappa as published)",0,experimental,0.6,6.03014,225.0,Fm-3m,full_Heusler_L21,,"[""Ti"", ""Fe"", ""Fe"", ""Sn""]","[[0.0, 0.0, 0.0], [0.75, 0.75, 0.75], [0.25, 0.25, 0.25], [0.5, 0.5, 0.5]]",A,conventional,doped_recovery,10.1134/s1063782619060277,,,parent_compound,,structure inherited from the stoichiometric parent; substitution shifts a by <1%,,False,doped,TiFe2Sn,Fe-Sn-Ti,reported_lattice,experimental
Ti0.85V0.15Fe2Sn1,2.9,W/m/K,500.0,"experimental, doped/substituted sample (lattice kappa as published)",0,experimental,0.6,6.03014,225.0,Fm-3m,full_Heusler_L21,,"[""Ti"", ""Fe"", ""Fe"", ""Sn""]","[[0.0, 0.0, 0.0], [0.75, 0.75, 0.75], [0.25, 0.25, 0.25], [0.5, 0.5, 0.5]]",A,conventional,doped_recovery,10.1134/s1063782619060277,,,parent_compound,,structure inherited from the stoichiometric parent; substitution shifts a by <1%,,False,doped,TiFe2Sn,Fe-Sn-Ti,reported_lattice,experimental
Ti0.85V0.15Fe2Sn1,2.7,W/m/K,573.0,"experimental, doped/substituted sample (lattice kappa as published)",0,experimental,0.6,6.03014,225.0,Fm-3m,full_Heusler_L21,,"[""Ti"", ""Fe"", ""Fe"", ""Sn""]","[[0.0, 0.0, 0.0], [0.75, 0.75, 0.75], [0.25, 0.25, 0.25], [0.5, 0.5, 0.5]]",A,conventional,doped_recovery,10.1134/s1063782619060277,,,parent_compound,,structure inherited from the stoichiometric parent; substitution shifts a by <1%,,False,doped,TiFe2Sn,Fe-Sn-Ti,reported_lattice,experimental
Ti0.8V0.2Fe2Sn1,3.6,W/m/K,300.0,"experimental, doped/substituted sample (lattice kappa as published)",0,experimental,0.6,6.03014,225.0,Fm-3m,full_Heusler_L21,,"[""Ti"", ""Fe"", ""Fe"", ""Sn""]","[[0.0, 0.0, 0.0], [0.75, 0.75, 0.75], [0.25, 0.25, 0.25], [0.5, 0.5, 0.5]]",A,conventional,doped_recovery,10.1134/s1063782619060277,,,parent_compound,,structure inherited from the stoichiometric parent; substitution shifts a by <1%,,False,doped,TiFe2Sn,Fe-Sn-Ti,reported_lattice,experimental
Ti0.8V0.2Fe2Sn1,3.4,W/m/K,400.0,"experimental, doped/substituted sample (lattice kappa as published)",0,experimental,0.6,6.03014,225.0,Fm-3m,full_Heusler_L21,,"[""Ti"", ""Fe"", ""Fe"", ""Sn""]","[[0.0, 0.0, 0.0], [0.75, 0.75, 0.75], [0.25, 0.25, 0.25], [0.5, 0.5, 0.5]]",A,conventional,doped_recovery,10.1134/s1063782619060277,,,parent_compound,,structure inherited from the stoichiometric parent; substitution shifts a by <1%,,False,doped,TiFe2Sn,Fe-Sn-Ti,reported_lattice,experimental
Ti0.8V0.2Fe2Sn1,3.2,W/m/K,500.0,"experimental, doped/substituted sample (lattice kappa as published)",0,experimental,0.6,6.03014,225.0,Fm-3m,full_Heusler_L21,,"[""Ti"", ""Fe"", ""Fe"", ""Sn""]","[[0.0, 0.0, 0.0], [0.75, 0.75, 0.75], [0.25, 0.25, 0.25], [0.5, 0.5, 0.5]]",A,conventional,doped_recovery,10.1134/s1063782619060277,,,parent_compound,,structure inherited from the stoichiometric parent; substitution shifts a by <1%,,False,doped,TiFe2Sn,Fe-Sn-Ti,reported_lattice,experimental
Ti0.8V0.2Fe2Sn1,3.0,W/m/K,573.0,"experimental, doped/substituted sample (lattice kappa as published)",0,experimental,0.6,6.03014,225.0,Fm-3m,full_Heusler_L21,,"[""Ti"", ""Fe"", ""Fe"", ""Sn""]","[[0.0, 0.0, 0.0], [0.75, 0.75, 0.75], [0.25, 0.25, 0.25], [0.5, 0.5, 0.5]]",A,conventional,doped_recovery,10.1134/s1063782619060277,,,parent_compound,,structure inherited from the stoichiometric parent; substitution shifts a by <1%,,False,doped,TiFe2Sn,Fe-Sn-Ti,reported_lattice,experimental
Al1V1Fe1.98Re0.02,17.0,W/m/K,300.0,"experimental, doped/substituted sample (lattice kappa as published)",0,experimental,0.6,5.65709,225.0,Fm-3m,full_Heusler_L21,,"[""Al"", ""V"", ""Fe"", ""Fe""]","[[0.0, 0.0, 0.0], [0.5, 0.5, 0.5], [0.25, 0.25, 0.25], [0.75, 0.75, 0.75]]",A,conventional,doped_recovery,10.2320/jinstmet.71.208,,,parent_compound,,structure inherited from the stoichiometric parent; substitution shifts a by <1%,,False,doped,AlVFe2,Al-Fe-V,reported_lattice,experimental
Al1V1Fe1.96Re0.04,12.5,W/m/K,300.0,"experimental, doped/substituted sample (lattice kappa as published)",0,experimental,0.6,5.65709,225.0,Fm-3m,full_Heusler_L21,,"[""Al"", ""V"", ""Fe"", ""Fe""]","[[0.0, 0.0, 0.0], [0.5, 0.5, 0.5], [0.25, 0.25, 0.25], [0.75, 0.75, 0.75]]",A,conventional,doped_recovery,10.2320/jinstmet.71.208,,,parent_compound,,structure inherited from the stoichiometric parent; substitution shifts a by <1%,,False,doped,AlVFe2,Al-Fe-V,reported_lattice,experimental
Al1V1Fe1.92Re0.08,8.0,W/m/K,300.0,"experimental, doped/substituted sample (lattice kappa as published)",0,experimental,0.6,5.65709,225.0,Fm-3m,full_Heusler_L21,,"[""Al"", ""V"", ""Fe"", ""Fe""]","[[0.0, 0.0, 0.0], [0.5, 0.5, 0.5], [0.25, 0.25, 0.25], [0.75, 0.75, 0.75]]",A,conventional,doped_recovery,10.2320/jinstmet.71.208,,,parent_compound,,structure inherited from the stoichiometric parent; substitution shifts a by <1%,,False,doped,AlVFe2,Al-Fe-V,reported_lattice,experimental
Al1V1Fe1.88Re0.12,5.5,W/m/K,300.0,"experimental, doped/substituted sample (lattice kappa as published)",0,experimental,0.6,5.65709,225.0,Fm-3m,full_Heusler_L21,,"[""Al"", ""V"", ""Fe"", ""Fe""]","[[0.0, 0.0, 0.0], [0.5, 0.5, 0.5], [0.25, 0.25, 0.25], [0.75, 0.75, 0.75]]",A,conventional,doped_recovery,10.2320/jinstmet.71.208,,,parent_compound,,structure inherited from the stoichiometric parent; substitution shifts a by <1%,,False,doped,AlVFe2,Al-Fe-V,reported_lattice,experimental
Al1V1.02Fe1.98,25.9,W/m/K,300.0,"experimental, doped/substituted sample (lattice kappa as published)",0,experimental,0.6,5.65709,225.0,Fm-3m,full_Heusler_L21,,"[""Al"", ""V"", ""Fe"", ""Fe""]","[[0.0, 0.0, 0.0], [0.5, 0.5, 0.5], [0.25, 0.25, 0.25], [0.75, 0.75, 0.75]]",A,conventional,doped_recovery,10.2320/jinstmet.73.846,,,parent_compound,,structure inherited from the stoichiometric parent; substitution shifts a by <1%,,False,doped,AlVFe2,Al-Fe-V,reported_lattice,experimental
Al1V1.05Fe1.95,25.4,W/m/K,300.0,"experimental, doped/substituted sample (lattice kappa as published)",0,experimental,0.6,5.65709,225.0,Fm-3m,full_Heusler_L21,,"[""Al"", ""V"", ""Fe"", ""Fe""]","[[0.0, 0.0, 0.0], [0.5, 0.5, 0.5], [0.25, 0.25, 0.25], [0.75, 0.75, 0.75]]",A,conventional,doped_recovery,10.2320/jinstmet.73.846,,,parent_compound,,structure inherited from the stoichiometric parent; substitution shifts a by <1%,,False,doped,AlVFe2,Al-Fe-V,reported_lattice,experimental
Al1V1Fe1.9Ir0.1,3.5,W/m/K,300.0,"experimental, doped/substituted sample (lattice kappa as published)",0,experimental,0.6,5.65709,225.0,Fm-3m,full_Heusler_L21,,"[""Al"", ""V"", ""Fe"", ""Fe""]","[[0.0, 0.0, 0.0], [0.5, 0.5, 0.5], [0.25, 0.25, 0.25], [0.75, 0.75, 0.75]]",A,conventional,doped_recovery,10.2320/jinstmet.73.846,,,parent_compound,,structure inherited from the stoichiometric parent; substitution shifts a by <1%,,False,doped,AlVFe2,Al-Fe-V,reported_lattice,experimental
Al1V1.02Fe1.95Ir0.03,12.0,W/m/K,300.0,"experimental, doped/substituted sample (lattice kappa as published)",0,experimental,0.6,5.65709,225.0,Fm-3m,full_Heusler_L21,,"[""Al"", ""V"", ""Fe"", ""Fe""]","[[0.0, 0.0, 0.0], [0.5, 0.5, 0.5], [0.25, 0.25, 0.25], [0.75, 0.75, 0.75]]",A,conventional,doped_recovery,10.2320/jinstmet.73.846,,,parent_compound,,structure inherited from the stoichiometric parent; substitution shifts a by <1%,,False,doped,AlVFe2,Al-Fe-V,reported_lattice,experimental
Al1V1.02Fe1.88Ir0.1,3.2,W/m/K,300.0,"experimental, doped/substituted sample (lattice kappa as published)",0,experimental,0.6,5.65709,225.0,Fm-3m,full_Heusler_L21,,"[""Al"", ""V"", ""Fe"", ""Fe""]","[[0.0, 0.0, 0.0], [0.5, 0.5, 0.5], [0.25, 0.25, 0.25], [0.75, 0.75, 0.75]]",A,conventional,doped_recovery,10.2320/jinstmet.73.846,,,parent_compound,,structure inherited from the stoichiometric parent; substitution shifts a by <1%,,False,doped,AlVFe2,Al-Fe-V,reported_lattice,experimental
Al1V1.05Fe1.92Ir0.03,11.2,W/m/K,300.0,"experimental, doped/substituted sample (lattice kappa as published)",0,experimental,0.6,5.65709,225.0,Fm-3m,full_Heusler_L21,,"[""Al"", ""V"", ""Fe"", ""Fe""]","[[0.0, 0.0, 0.0], [0.5, 0.5, 0.5], [0.25, 0.25, 0.25], [0.75, 0.75, 0.75]]",A,conventional,doped_recovery,10.2320/jinstmet.73.846,,,parent_compound,,structure inherited from the stoichiometric parent; substitution shifts a by <1%,,False,doped,AlVFe2,Al-Fe-V,reported_lattice,experimental
Ti0.06Al1V0.94Fe1.97Co0.03,20.0,W/m/K,300.0,"experimental, doped/substituted sample (lattice kappa as published)",0,experimental,0.6,5.65709,225.0,Fm-3m,full_Heusler_L21,,"[""Al"", ""V"", ""Fe"", ""Fe""]","[[0.0, 0.0, 0.0], [0.5, 0.5, 0.5], [0.25, 0.25, 0.25], [0.75, 0.75, 0.75]]",A,conventional,doped_recovery,10.2320/matertrans.mra2008078,,,parent_compound,,structure inherited from the stoichiometric parent; substitution shifts a by <1%,,False,doped,AlVFe2,Al-Fe-V,reported_lattice,experimental
Ti0.1Al1V0.9Fe1.97Co0.03,18.0,W/m/K,300.0,"experimental, doped/substituted sample (lattice kappa as published)",0,experimental,0.6,5.65709,225.0,Fm-3m,full_Heusler_L21,,"[""Al"", ""V"", ""Fe"", ""Fe""]","[[0.0, 0.0, 0.0], [0.5, 0.5, 0.5], [0.25, 0.25, 0.25], [0.75, 0.75, 0.75]]",A,conventional,doped_recovery,10.2320/matertrans.mra2008078,,,parent_compound,,structure inherited from the stoichiometric parent; substitution shifts a by <1%,,False,doped,AlVFe2,Al-Fe-V,reported_lattice,experimental
Ti0.15Al1V0.85Fe1.97Co0.03,15.5,W/m/K,300.0,"experimental, doped/substituted sample (lattice kappa as published)",0,experimental,0.6,5.65709,225.0,Fm-3m,full_Heusler_L21,,"[""Al"", ""V"", ""Fe"", ""Fe""]","[[0.0, 0.0, 0.0], [0.5, 0.5, 0.5], [0.25, 0.25, 0.25], [0.75, 0.75, 0.75]]",A,conventional,doped_recovery,10.2320/matertrans.mra2008078,,,parent_compound,,structure inherited from the stoichiometric parent; substitution shifts a by <1%,,False,doped,AlVFe2,Al-Fe-V,reported_lattice,experimental
Ti0.2Al1V0.8Fe1.97Co0.03,13.5,W/m/K,300.0,"experimental, doped/substituted sample (lattice kappa as published)",0,experimental,0.6,5.65709,225.0,Fm-3m,full_Heusler_L21,,"[""Al"", ""V"", ""Fe"", ""Fe""]","[[0.0, 0.0, 0.0], [0.5, 0.5, 0.5], [0.25, 0.25, 0.25], [0.75, 0.75, 0.75]]",A,conventional,doped_recovery,10.2320/matertrans.mra2008078,,,parent_compound,,structure inherited from the stoichiometric parent; substitution shifts a by <1%,,False,doped,AlVFe2,Al-Fe-V,reported_lattice,experimental
Ti0.1Al1V0.9Fe1.93Co0.07,19.0,W/m/K,300.0,"experimental, doped/substituted sample (lattice kappa as published)",0,experimental,0.6,5.65709,225.0,Fm-3m,full_Heusler_L21,,"[""Al"", ""V"", ""Fe"", ""Fe""]","[[0.0, 0.0, 0.0], [0.5, 0.5, 0.5], [0.25, 0.25, 0.25], [0.75, 0.75, 0.75]]",A,conventional,doped_recovery,10.2320/matertrans.mra2008078,,,parent_compound,,structure inherited from the stoichiometric parent; substitution shifts a by <1%,,False,doped,AlVFe2,Al-Fe-V,reported_lattice,experimental
Ti0.14Al1V0.86Fe1.93Co0.07,17.0,W/m/K,300.0,"experimental, doped/substituted sample (lattice kappa as published)",0,experimental,0.6,5.65709,225.0,Fm-3m,full_Heusler_L21,,"[""Al"", ""V"", ""Fe"", ""Fe""]","[[0.0, 0.0, 0.0], [0.5, 0.5, 0.5], [0.25, 0.25, 0.25], [0.75, 0.75, 0.75]]",A,conventional,doped_recovery,10.2320/matertrans.mra2008078,,,parent_compound,,structure inherited from the stoichiometric parent; substitution shifts a by <1%,,False,doped,AlVFe2,Al-Fe-V,reported_lattice,experimental
Ti0.19Al1V0.81Fe1.93Co0.07,15.5,W/m/K,300.0,"experimental, doped/substituted sample (lattice kappa as published)",0,experimental,0.6,5.65709,225.0,Fm-3m,full_Heusler_L21,,"[""Al"", ""V"", ""Fe"", ""Fe""]","[[0.0, 0.0, 0.0], [0.5, 0.5, 0.5], [0.25, 0.25, 0.25], [0.75, 0.75, 0.75]]",A,conventional,doped_recovery,10.2320/matertrans.mra2008078,,,parent_compound,,structure inherited from the stoichiometric parent; substitution shifts a by <1%,,False,doped,AlVFe2,Al-Fe-V,reported_lattice,experimental
Ta0.03Al0.97V1Fe2,15.0,W/m/K,300.0,"experimental, doped/substituted sample (lattice kappa as published)",0,experimental,0.6,5.65709,225.0,Fm-3m,full_Heusler_L21,,"[""Al"", ""V"", ""Fe"", ""Fe""]","[[0.0, 0.0, 0.0], [0.5, 0.5, 0.5], [0.25, 0.25, 0.25], [0.75, 0.75, 0.75]]",A,conventional,doped_recovery,10.2320/jinstmet.ja201503,,,parent_compound,,structure inherited from the stoichiometric parent; substitution shifts a by <1%,,False,doped,AlVFe2,Al-Fe-V,reported_lattice,experimental
Ta0.05Al0.95V1Fe2,11.0,W/m/K,300.0,"experimental, doped/substituted sample (lattice kappa as published)",0,experimental,0.6,5.65709,225.0,Fm-3m,full_Heusler_L21,,"[""Al"", ""V"", ""Fe"", ""Fe""]","[[0.0, 0.0, 0.0], [0.5, 0.5, 0.5], [0.25, 0.25, 0.25], [0.75, 0.75, 0.75]]",A,conventional,doped_recovery,10.2320/jinstmet.ja201503,,,parent_compound,,structure inherited from the stoichiometric parent; substitution shifts a by <1%,,False,doped,AlVFe2,Al-Fe-V,reported_lattice,experimental
Ta0.08Al0.92V1Fe2,8.0,W/m/K,300.0,"experimental, doped/substituted sample (lattice kappa as published)",0,experimental,0.6,5.65709,225.0,Fm-3m,full_Heusler_L21,,"[""Al"", ""V"", ""Fe"", ""Fe""]","[[0.0, 0.0, 0.0], [0.5, 0.5, 0.5], [0.25, 0.25, 0.25], [0.75, 0.75, 0.75]]",A,conventional,doped_recovery,10.2320/jinstmet.ja201503,,,parent_compound,,structure inherited from the stoichiometric parent; substitution shifts a by <1%,,False,doped,AlVFe2,Al-Fe-V,reported_lattice,experimental
Ta0.12Al0.88V1Fe2,6.0,W/m/K,300.0,"experimental, doped/substituted sample (lattice kappa as published)",0,experimental,0.6,5.65709,225.0,Fm-3m,full_Heusler_L21,,"[""Al"", ""V"", ""Fe"", ""Fe""]","[[0.0, 0.0, 0.0], [0.5, 0.5, 0.5], [0.25, 0.25, 0.25], [0.75, 0.75, 0.75]]",A,conventional,doped_recovery,10.2320/jinstmet.ja201503,,,parent_compound,,structure inherited from the stoichiometric parent; substitution shifts a by <1%,,False,doped,AlVFe2,Al-Fe-V,reported_lattice,experimental
Ti0.94V0.06Fe2Sn1,4.5,W/m/K,300.0,"experimental, doped/substituted sample (lattice kappa as published)",0,experimental,0.6,6.03014,225.0,Fm-3m,full_Heusler_L21,,"[""Ti"", ""Fe"", ""Fe"", ""Sn""]","[[0.0, 0.0, 0.0], [0.75, 0.75, 0.75], [0.25, 0.25, 0.25], [0.5, 0.5, 0.5]]",A,conventional,doped_recovery,10.21883/ftp.2019.06.47727.36,,,parent_compound,,structure inherited from the stoichiometric parent; substitution shifts a by <1%,,False,doped,TiFe2Sn,Fe-Sn-Ti,reported_lattice,experimental
Ti0.94V0.06Fe2Sn1,4.0,W/m/K,575.0,"experimental, doped/substituted sample (lattice kappa as published)",0,experimental,0.6,6.03014,225.0,Fm-3m,full_Heusler_L21,,"[""Ti"", ""Fe"", ""Fe"", ""Sn""]","[[0.0, 0.0, 0.0], [0.75, 0.75, 0.75], [0.25, 0.25, 0.25], [0.5, 0.5, 0.5]]",A,conventional,doped_recovery,10.21883/ftp.2019.06.47727.36,,,parent_compound,,structure inherited from the stoichiometric parent; substitution shifts a by <1%,,False,doped,TiFe2Sn,Fe-Sn-Ti,reported_lattice,experimental
Ti0.85V0.15Fe2Sn1,3.3,W/m/K,300.0,"experimental, doped/substituted sample (lattice kappa as published)",0,experimental,0.6,6.03014,225.0,Fm-3m,full_Heusler_L21,,"[""Ti"", ""Fe"", ""Fe"", ""Sn""]","[[0.0, 0.0, 0.0], [0.75, 0.75, 0.75], [0.25, 0.25, 0.25], [0.5, 0.5, 0.5]]",A,conventional,doped_recovery,10.21883/ftp.2019.06.47727.36,,,parent_compound,,structure inherited from the stoichiometric parent; substitution shifts a by <1%,,False,doped,TiFe2Sn,Fe-Sn-Ti,reported_lattice,experimental
Ti0.85V0.15Fe2Sn1,2.8,W/m/K,575.0,"experimental, doped/substituted sample (lattice kappa as published)",0,experimental,0.6,6.03014,225.0,Fm-3m,full_Heusler_L21,,"[""Ti"", ""Fe"", ""Fe"", ""Sn""]","[[0.0, 0.0, 0.0], [0.75, 0.75, 0.75], [0.25, 0.25, 0.25], [0.5, 0.5, 0.5]]",A,conventional,doped_recovery,10.21883/ftp.2019.06.47727.36,,,parent_compound,,structure inherited from the stoichiometric parent; substitution shifts a by <1%,,False,doped,TiFe2Sn,Fe-Sn-Ti,reported_lattice,experimental
Ti0.8V0.2Fe2Sn1,3.6,W/m/K,300.0,"experimental, doped/substituted sample (lattice kappa as published)",0,experimental,0.6,6.03014,225.0,Fm-3m,full_Heusler_L21,,"[""Ti"", ""Fe"", ""Fe"", ""Sn""]","[[0.0, 0.0, 0.0], [0.75, 0.75, 0.75], [0.25, 0.25, 0.25], [0.5, 0.5, 0.5]]",A,conventional,doped_recovery,10.21883/ftp.2019.06.47727.36,,,parent_compound,,structure inherited from the stoichiometric parent; substitution shifts a by <1%,,False,doped,TiFe2Sn,Fe-Sn-Ti,reported_lattice,experimental
Ti0.8V0.2Fe2Sn1,3.0,W/m/K,575.0,"experimental, doped/substituted sample (lattice kappa as published)",0,experimental,0.6,6.03014,225.0,Fm-3m,full_Heusler_L21,,"[""Ti"", ""Fe"", ""Fe"", ""Sn""]","[[0.0, 0.0, 0.0], [0.75, 0.75, 0.75], [0.25, 0.25, 0.25], [0.5, 0.5, 0.5]]",A,conventional,doped_recovery,10.21883/ftp.2019.06.47727.36,,,parent_compound,,structure inherited from the stoichiometric parent; substitution shifts a by <1%,,False,doped,TiFe2Sn,Fe-Sn-Ti,reported_lattice,experimental
Al0.98V1Fe2Si0.02,21.0,W/m/K,100.0,"experimental, doped/substituted sample (lattice kappa as published)",0,experimental,0.6,5.65709,225.0,Fm-3m,full_Heusler_L21,,"[""Al"", ""V"", ""Fe"", ""Fe""]","[[0.0, 0.0, 0.0], [0.5, 0.5, 0.5], [0.25, 0.25, 0.25], [0.75, 0.75, 0.75]]",A,conventional,doped_recovery,10.1103/physrevb.75.064204,,,parent_compound,,structure inherited from the stoichiometric parent; substitution shifts a by <1%,,False,doped,AlVFe2,Al-Fe-V,reported_lattice,experimental
Al0.98V1Fe2Si0.02,17.0,W/m/K,200.0,"experimental, doped/substituted sample (lattice kappa as published)",0,experimental,0.6,5.65709,225.0,Fm-3m,full_Heusler_L21,,"[""Al"", ""V"", ""Fe"", ""Fe""]","[[0.0, 0.0, 0.0], [0.5, 0.5, 0.5], [0.25, 0.25, 0.25], [0.75, 0.75, 0.75]]",A,conventional,doped_recovery,10.1103/physrevb.75.064204,,,parent_compound,,structure inherited from the stoichiometric parent; substitution shifts a by <1%,,False,doped,AlVFe2,Al-Fe-V,reported_lattice,experimental
Al0.98V1Fe2Si0.02,14.0,W/m/K,300.0,"experimental, doped/substituted sample (lattice kappa as published)",0,experimental,0.6,5.65709,225.0,Fm-3m,full_Heusler_L21,,"[""Al"", ""V"", ""Fe"", ""Fe""]","[[0.0, 0.0, 0.0], [0.5, 0.5, 0.5], [0.25, 0.25, 0.25], [0.75, 0.75, 0.75]]",A,conventional,doped_recovery,10.1103/physrevb.75.064204,,,parent_compound,,structure inherited from the stoichiometric parent; substitution shifts a by <1%,,False,doped,AlVFe2,Al-Fe-V,reported_lattice,experimental
Al0.95V1Fe2Si0.05,17.0,W/m/K,100.0,"experimental, doped/substituted sample (lattice kappa as published)",0,experimental,0.6,5.65709,225.0,Fm-3m,full_Heusler_L21,,"[""Al"", ""V"", ""Fe"", ""Fe""]","[[0.0, 0.0, 0.0], [0.5, 0.5, 0.5], [0.25, 0.25, 0.25], [0.75, 0.75, 0.75]]",A,conventional,doped_recovery,10.1103/physrevb.75.064204,,,parent_compound,,structure inherited from the stoichiometric parent; substitution shifts a by <1%,,False,doped,AlVFe2,Al-Fe-V,reported_lattice,experimental
Al0.95V1Fe2Si0.05,14.0,W/m/K,200.0,"experimental, doped/substituted sample (lattice kappa as published)",0,experimental,0.6,5.65709,225.0,Fm-3m,full_Heusler_L21,,"[""Al"", ""V"", ""Fe"", ""Fe""]","[[0.0, 0.0, 0.0], [0.5, 0.5, 0.5], [0.25, 0.25, 0.25], [0.75, 0.75, 0.75]]",A,conventional,doped_recovery,10.1103/physrevb.75.064204,,,parent_compound,,structure inherited from the stoichiometric parent; substitution shifts a by <1%,,False,doped,AlVFe2,Al-Fe-V,reported_lattice,experimental
Al0.95V1Fe2Si0.05,12.0,W/m/K,300.0,"experimental, doped/substituted sample (lattice kappa as published)",0,experimental,0.6,5.65709,225.0,Fm-3m,full_Heusler_L21,,"[""Al"", ""V"", ""Fe"", ""Fe""]","[[0.0, 0.0, 0.0], [0.5, 0.5, 0.5], [0.25, 0.25, 0.25], [0.75, 0.75, 0.75]]",A,conventional,doped_recovery,10.1103/physrevb.75.064204,,,parent_compound,,structure inherited from the stoichiometric parent; substitution shifts a by <1%,,False,doped,AlVFe2,Al-Fe-V,reported_lattice,experimental
Al0.9V1Fe2Si0.1,10.0,W/m/K,100.0,"experimental, doped/substituted sample (lattice kappa as published)",0,experimental,0.6,5.65709,225.0,Fm-3m,full_Heusler_L21,,"[""Al"", ""V"", ""Fe"", ""Fe""]","[[0.0, 0.0, 0.0], [0.5, 0.5, 0.5], [0.25, 0.25, 0.25], [0.75, 0.75, 0.75]]",A,conventional,doped_recovery,10.1103/physrevb.75.064204,,,parent_compound,,structure inherited from the stoichiometric parent; substitution shifts a by <1%,,False,doped,AlVFe2,Al-Fe-V,reported_lattice,experimental
Al0.9V1Fe2Si0.1,8.5,W/m/K,200.0,"experimental, doped/substituted sample (lattice kappa as published)",0,experimental,0.6,5.65709,225.0,Fm-3m,full_Heusler_L21,,"[""Al"", ""V"", ""Fe"", ""Fe""]","[[0.0, 0.0, 0.0], [0.5, 0.5, 0.5], [0.25, 0.25, 0.25], [0.75, 0.75, 0.75]]",A,conventional,doped_recovery,10.1103/physrevb.75.064204,,,parent_compound,,structure inherited from the stoichiometric parent; substitution shifts a by <1%,,False,doped,AlVFe2,Al-Fe-V,reported_lattice,experimental
Al0.9V1Fe2Si0.1,8.0,W/m/K,300.0,"experimental, doped/substituted sample (lattice kappa as published)",0,experimental,0.6,5.65709,225.0,Fm-3m,full_Heusler_L21,,"[""Al"", ""V"", ""Fe"", ""Fe""]","[[0.0, 0.0, 0.0], [0.5, 0.5, 0.5], [0.25, 0.25, 0.25], [0.75, 0.75, 0.75]]",A,conventional,doped_recovery,10.1103/physrevb.75.064204,,,parent_compound,,structure inherited from the stoichiometric parent; substitution shifts a by <1%,,False,doped,AlVFe2,Al-Fe-V,reported_lattice,experimental
Al0.8V1Fe2Si0.2,7.5,W/m/K,100.0,"experimental, doped/substituted sample (lattice kappa as published)",0,experimental,0.6,5.65709,225.0,Fm-3m,full_Heusler_L21,,"[""Al"", ""V"", ""Fe"", ""Fe""]","[[0.0, 0.0, 0.0], [0.5, 0.5, 0.5], [0.25, 0.25, 0.25], [0.75, 0.75, 0.75]]",A,conventional,doped_recovery,10.1103/physrevb.75.064204,,,parent_compound,,structure inherited from the stoichiometric parent; substitution shifts a by <1%,,False,doped,AlVFe2,Al-Fe-V,reported_lattice,experimental
Al0.8V1Fe2Si0.2,6.0,W/m/K,200.0,"experimental, doped/substituted sample (lattice kappa as published)",0,experimental,0.6,5.65709,225.0,Fm-3m,full_Heusler_L21,,"[""Al"", ""V"", ""Fe"", ""Fe""]","[[0.0, 0.0, 0.0], [0.5, 0.5, 0.5], [0.25, 0.25, 0.25], [0.75, 0.75, 0.75]]",A,conventional,doped_recovery,10.1103/physrevb.75.064204,,,parent_compound,,structure inherited from the stoichiometric parent; substitution shifts a by <1%,,False,doped,AlVFe2,Al-Fe-V,reported_lattice,experimental
Al0.8V1Fe2Si0.2,5.0,W/m/K,300.0,"experimental, doped/substituted sample (lattice kappa as published)",0,experimental,0.6,5.65709,225.0,Fm-3m,full_Heusler_L21,,"[""Al"", ""V"", ""Fe"", ""Fe""]","[[0.0, 0.0, 0.0], [0.5, 0.5, 0.5], [0.25, 0.25, 0.25], [0.75, 0.75, 0.75]]",A,conventional,doped_recovery,10.1103/physrevb.75.064204,,,parent_compound,,structure inherited from the stoichiometric parent; substitution shifts a by <1%,,False,doped,AlVFe2,Al-Fe-V,reported_lattice,experimental
Al0.7V1Fe2Si0.3,6.5,W/m/K,100.0,"experimental, doped/substituted sample (lattice kappa as published)",0,experimental,0.6,5.65709,225.0,Fm-3m,full_Heusler_L21,,"[""Al"", ""V"", ""Fe"", ""Fe""]","[[0.0, 0.0, 0.0], [0.5, 0.5, 0.5], [0.25, 0.25, 0.25], [0.75, 0.75, 0.75]]",A,conventional,doped_recovery,10.1103/physrevb.75.064204,,,parent_compound,,structure inherited from the stoichiometric parent; substitution shifts a by <1%,,False,doped,AlVFe2,Al-Fe-V,reported_lattice,experimental
Al0.7V1Fe2Si0.3,5.0,W/m/K,200.0,"experimental, doped/substituted sample (lattice kappa as published)",0,experimental,0.6,5.65709,225.0,Fm-3m,full_Heusler_L21,,"[""Al"", ""V"", ""Fe"", ""Fe""]","[[0.0, 0.0, 0.0], [0.5, 0.5, 0.5], [0.25, 0.25, 0.25], [0.75, 0.75, 0.75]]",A,conventional,doped_recovery,10.1103/physrevb.75.064204,,,parent_compound,,structure inherited from the stoichiometric parent; substitution shifts a by <1%,,False,doped,AlVFe2,Al-Fe-V,reported_lattice,experimental
Al0.7V1Fe2Si0.3,4.0,W/m/K,300.0,"experimental, doped/substituted sample (lattice kappa as published)",0,experimental,0.6,5.65709,225.0,Fm-3m,full_Heusler_L21,,"[""Al"", ""V"", ""Fe"", ""Fe""]","[[0.0, 0.0, 0.0], [0.5, 0.5, 0.5], [0.25, 0.25, 0.25], [0.75, 0.75, 0.75]]",A,conventional,doped_recovery,10.1103/physrevb.75.064204,,,parent_compound,,structure inherited from the stoichiometric parent; substitution shifts a by <1%,,False,doped,AlVFe2,Al-Fe-V,reported_lattice,experimental
Al0.6V1Fe2Si0.4,5.5,W/m/K,100.0,"experimental, doped/substituted sample (lattice kappa as published)",0,experimental,0.6,5.65709,225.0,Fm-3m,full_Heusler_L21,,"[""Al"", ""V"", ""Fe"", ""Fe""]","[[0.0, 0.0, 0.0], [0.5, 0.5, 0.5], [0.25, 0.25, 0.25], [0.75, 0.75, 0.75]]",A,conventional,doped_recovery,10.1103/physrevb.75.064204,,,parent_compound,,structure inherited from the stoichiometric parent; substitution shifts a by <1%,,False,doped,AlVFe2,Al-Fe-V,reported_lattice,experimental
Al0.6V1Fe2Si0.4,4.0,W/m/K,200.0,"experimental, doped/substituted sample (lattice kappa as published)",0,experimental,0.6,5.65709,225.0,Fm-3m,full_Heusler_L21,,"[""Al"", ""V"", ""Fe"", ""Fe""]","[[0.0, 0.0, 0.0], [0.5, 0.5, 0.5], [0.25, 0.25, 0.25], [0.75, 0.75, 0.75]]",A,conventional,doped_recovery,10.1103/physrevb.75.064204,,,parent_compound,,structure inherited from the stoichiometric parent; substitution shifts a by <1%,,False,doped,AlVFe2,Al-Fe-V,reported_lattice,experimental
Al0.6V1Fe2Si0.4,3.0,W/m/K,300.0,"experimental, doped/substituted sample (lattice kappa as published)",0,experimental,0.6,5.65709,225.0,Fm-3m,full_Heusler_L21,,"[""Al"", ""V"", ""Fe"", ""Fe""]","[[0.0, 0.0, 0.0], [0.5, 0.5, 0.5], [0.25, 0.25, 0.25], [0.75, 0.75, 0.75]]",A,conventional,doped_recovery,10.1103/physrevb.75.064204,,,parent_compound,,structure inherited from the stoichiometric parent; substitution shifts a by <1%,,False,doped,AlVFe2,Al-Fe-V,reported_lattice,experimental
Al0.5V1Fe2Si0.5,5.0,W/m/K,100.0,"experimental, doped/substituted sample (lattice kappa as published)",0,experimental,0.6,5.65709,225.0,Fm-3m,full_Heusler_L21,,"[""Al"", ""V"", ""Fe"", ""Fe""]","[[0.0, 0.0, 0.0], [0.5, 0.5, 0.5], [0.25, 0.25, 0.25], [0.75, 0.75, 0.75]]",A,conventional,doped_recovery,10.1103/physrevb.75.064204,,,parent_compound,,structure inherited from the stoichiometric parent; substitution shifts a by <1%,,False,doped,AlVFe2,Al-Fe-V,reported_lattice,experimental
Al0.5V1Fe2Si0.5,3.5,W/m/K,200.0,"experimental, doped/substituted sample (lattice kappa as published)",0,experimental,0.6,5.65709,225.0,Fm-3m,full_Heusler_L21,,"[""Al"", ""V"", ""Fe"", ""Fe""]","[[0.0, 0.0, 0.0], [0.5, 0.5, 0.5], [0.25, 0.25, 0.25], [0.75, 0.75, 0.75]]",A,conventional,doped_recovery,10.1103/physrevb.75.064204,,,parent_compound,,structure inherited from the stoichiometric parent; substitution shifts a by <1%,,False,doped,AlVFe2,Al-Fe-V,reported_lattice,experimental
Al0.5V1Fe2Si0.5,2.5,W/m/K,300.0,"experimental, doped/substituted sample (lattice kappa as published)",0,experimental,0.6,5.65709,225.0,Fm-3m,full_Heusler_L21,,"[""Al"", ""V"", ""Fe"", ""Fe""]","[[0.0, 0.0, 0.0], [0.5, 0.5, 0.5], [0.25, 0.25, 0.25], [0.75, 0.75, 0.75]]",A,conventional,doped_recovery,10.1103/physrevb.75.064204,,,parent_compound,,structure inherited from the stoichiometric parent; substitution shifts a by <1%,,False,doped,AlVFe2,Al-Fe-V,reported_lattice,experimental
Al1V1Fe1.95Ni0.05,12.0,W/m/K,300.0,"experimental, doped/substituted sample (lattice kappa as published)",0,experimental,0.6,5.65709,225.0,Fm-3m,full_Heusler_L21,,"[""Al"", ""V"", ""Fe"", ""Fe""]","[[0.0, 0.0, 0.0], [0.5, 0.5, 0.5], [0.25, 0.25, 0.25], [0.75, 0.75, 0.75]]",A,conventional,doped_recovery,10.1103/physrevb.96.045204,,,parent_compound,,structure inherited from the stoichiometric parent; substitution shifts a by <1%,,False,doped,AlVFe2,Al-Fe-V,reported_lattice,experimental
Al1V1Fe1.9Ni0.1,8.0,W/m/K,300.0,"experimental, doped/substituted sample (lattice kappa as published)",0,experimental,0.6,5.65709,225.0,Fm-3m,full_Heusler_L21,,"[""Al"", ""V"", ""Fe"", ""Fe""]","[[0.0, 0.0, 0.0], [0.5, 0.5, 0.5], [0.25, 0.25, 0.25], [0.75, 0.75, 0.75]]",A,conventional,doped_recovery,10.1103/physrevb.96.045204,,,parent_compound,,structure inherited from the stoichiometric parent; substitution shifts a by <1%,,False,doped,AlVFe2,Al-Fe-V,reported_lattice,experimental
Al1V1Fe1.8Ni0.2,6.0,W/m/K,300.0,"experimental, doped/substituted sample (lattice kappa as published)",0,experimental,0.6,5.65709,225.0,Fm-3m,full_Heusler_L21,,"[""Al"", ""V"", ""Fe"", ""Fe""]","[[0.0, 0.0, 0.0], [0.5, 0.5, 0.5], [0.25, 0.25, 0.25], [0.75, 0.75, 0.75]]",A,conventional,doped_recovery,10.1103/physrevb.96.045204,,,parent_compound,,structure inherited from the stoichiometric parent; substitution shifts a by <1%,,False,doped,AlVFe2,Al-Fe-V,reported_lattice,experimental
Al1V1Fe1.75Ni0.25,10.0,W/m/K,300.0,"experimental, doped/substituted sample (lattice kappa as published)",0,experimental,0.6,5.65709,225.0,Fm-3m,full_Heusler_L21,,"[""Al"", ""V"", ""Fe"", ""Fe""]","[[0.0, 0.0, 0.0], [0.5, 0.5, 0.5], [0.25, 0.25, 0.25], [0.75, 0.75, 0.75]]",A,conventional,doped_recovery,10.1103/physrevb.96.045204,,,parent_compound,,structure inherited from the stoichiometric parent; substitution shifts a by <1%,,False,doped,AlVFe2,Al-Fe-V,reported_lattice,theoretical
