compound,cluster,T,k_ref,k_pred,k_pred_hurdle,p_low,n_ref_rows,klass,Yfam,ratio,ape,suspect_ref
MnCo2Si,full:X2=Co,300.0,60.63283943704386,42.0252,33.4921,0.0018,1,full,,0.693109549052795,30.6890450947205,False
MnCo2Si,full:X2=Co,400.0,57.009193363569466,36.2348,28.1124,0.0013,2,full,,0.6355957322342171,36.4404267765783,False
MnCo2Si,full:X2=Co,500.0,52.62577738078987,30.505,23.2816,0.0012,2,full,,0.5796588956638448,42.034110433615524,False
MnCo2Si,full:X2=Co,600.0,37.30965316752498,25.7069,20.4473,0.0011,2,full,,0.689014713821456,31.098528617854402,False
MnCo2Si,full:X2=Co,700.0,29.49605223653983,23.3406,17.4669,0.0019,2,full,,0.7913126750937052,20.868732490629476,False
MnCo2Si,full:X2=Co,800.0,21.84277797892365,19.976,14.9103,0.002,2,full,,0.9145356886049509,8.546431139504904,False
MnCo2Si,full:X2=Co,900.0,19.504640602154105,18.1297,12.7009,0.0015,2,full,,0.9295070014259963,7.049299857400374,False
MnCo2Si,full:X2=Co,1000.0,13.884844472419111,15.4014,11.8905,0.0018,2,full,,1.1092238037374764,10.922380373747645,False
MnCo2Sn,full:X2=Co,200.0,3.295118446683503,21.8871,25.8952,0.0234,4,full,,6.642280195429424,564.2280195429424,False
MnCo2Sn,full:X2=Co,300.0,3.5541973894126766,13.1645,13.5798,0.0685,8,full,,3.7039304680192244,270.3930468019224,False
MnCo2Sn,full:X2=Co,400.0,4.744871025441132,11.4222,11.2956,0.0505,4,full,,2.40727301938372,140.72730193837197,False
MnGaCo2,full:X2=Co,200.0,18.01860605934925,36.1946,26.2687,0.0112,3,full,,2.0087347423426154,100.87347423426152,False
MnGaCo2,full:X2=Co,300.0,16.93364772992916,21.3114,13.3898,0.0384,3,full,,1.2585238774238487,25.85238774238487,False
MnGaCo2,full:X2=Co,400.0,15.699515316409922,19.9095,12.0984,0.0308,2,full,,1.2681601691989555,26.816016919895556,False
TiCo2Ge,full:X2=Co,200.0,3.7281815717602598,39.8139,38.0462,0.0082,6,full,,10.67917407820936,967.9174078209361,False
TiCo2Ge,full:X2=Co,300.0,3.7731378178890815,24.7188,21.9762,0.038,13,full,,6.551258181666201,555.1258181666201,False
TiCo2Ge,full:X2=Co,400.0,3.8786345582732,20.8061,20.419,0.0223,7,full,,5.364284695401427,436.4284695401427,False
TiCo2Si,full:X2=Co,200.0,2.832069992474927,67.5008,58.0964,0.0006,6,full,,23.834439183832284,2283.4439183832283,False
TiCo2Si,full:X2=Co,300.0,3.013941580516548,46.2796,38.8723,0.0018,13,full,,15.355174864427305,1435.5174864427304,False
TiCo2Si,full:X2=Co,400.0,3.506263339854188,39.2917,32.8109,0.0014,7,full,,11.206146313480833,1020.6146313480832,False
TiCo2Sn,full:X2=Co,200.0,3.963626607813568,27.0825,21.4334,0.0088,17,full,,6.832757643369278,583.2757643369278,False
TiCo2Sn,full:X2=Co,300.0,4.413651801301903,17.3929,11.6394,0.0242,28,full,,3.9407050630658236,294.0705063065824,False
TiCo2Sn,full:X2=Co,400.0,5.557895286286982,14.8982,9.7675,0.0176,7,full,,2.68054708349011,168.05470834901098,False
AlVFe2,full:X2=Fe,200.0,26.136814433046435,11.0946,13.96,0.0131,30,full,,0.42448172207139334,57.551827792860664,False
AlVFe2,full:X2=Fe,300.0,24.082846808177223,6.7445,8.1134,0.0485,50,full,,0.28005410048574225,71.99458995142577,False
AlVFe2,full:X2=Fe,400.0,16.94978340557846,6.2416,7.049,0.0556,25,full,,0.36824069373923585,63.175930626076415,False
AlVFe2,full:X2=Fe,500.0,15.60379418213212,6.0853,6.27,0.0481,23,full,,0.3899884815815033,61.00115184184967,False
AlVFe2,full:X2=Fe,600.0,14.125911403068438,6.0975,5.5841,0.0488,14,full,,0.4316535638667179,56.83464361332821,False
AlVFe2,full:X2=Fe,700.0,12.37834,5.8743,5.0626,0.0465,13,full,,0.4745628250637808,52.54371749362193,False
AlVFe2,full:X2=Fe,800.0,10.778079764146208,5.1277,4.8756,0.0525,8,full,,0.47575264909966025,52.42473509003397,False
AlVFe2,full:X2=Fe,900.0,10.464026043807827,4.4564,4.3575,0.0815,1,full,,0.4258781449265516,57.41218550734484,False
AlVFe2,full:X2=Fe,1000.0,9.370898341925976,4.0514,4.5003,0.0733,1,full,,0.432338485828385,56.766151417161495,False
TiFe2Si,full:X2=Fe,200.0,4.092225041752744,18.0711,22.6794,0.0013,5,full,,4.41595948796109,341.59594879610904,False
TiFe2Si,full:X2=Fe,300.0,4.884374246785141,11.5819,14.6673,0.0072,10,full,,2.371214697076728,137.1214697076728,False
TiFe2Si,full:X2=Fe,400.0,5.750385362602919,10.7502,12.4937,0.0133,1,full,,1.8694747085843841,86.94747085843841,False
TiFe2Sn,full:X2=Fe,200.0,1.697459302134902,15.0553,17.1312,0.0035,30,full,,8.869314263419973,786.9314263419974,False
TiFe2Sn,full:X2=Fe,300.0,2.4576454867100845,8.9119,10.8762,0.0102,54,full,,3.626194277487056,262.6194277487056,False
TiFe2Sn,full:X2=Fe,400.0,2.624398545431243,7.2615,9.7227,0.0109,11,full,,2.766919686280646,176.69196862806464,False
TiFe2Sn,full:X2=Fe,500.0,2.815295707427868,6.2593,9.0328,0.0096,10,full,,2.2233188447968293,122.33188447968291,False
TiFe2Sn,full:X2=Fe,600.0,2.772019660793573,5.2803,7.9619,0.008,7,full,,1.904856619410974,90.4856619410974,False
TiFe2Sn,full:X2=Fe,700.0,2.6499538903332844,4.9324,7.185,0.0057,6,full,,1.8613154055218875,86.13154055218874,False
TiFe2Sn,full:X2=Fe,800.0,2.37084884338588,4.4415,6.8568,0.0052,4,full,,1.8733796599436348,87.33796599436349,False
TiFe2Sn,full:X2=Fe,900.0,2.5143521708791274,4.0895,6.1201,0.011,2,full,,1.6264626918074616,62.64626918074615,False
VGaFe2,full:X2=Fe,200.0,15.674390683818835,12.9776,13.3714,0.0154,12,full,,0.8279492493062065,17.205075069379355,False
VGaFe2,full:X2=Fe,300.0,15.16370959992525,7.5631,7.033,0.0433,14,full,,0.49876317863785014,50.12368213621498,False
VGaFe2,full:X2=Fe,400.0,14.73759555300643,7.1152,6.1824,0.0396,2,full,,0.4827924592182554,51.72075407817446,False
VGaFe2,full:X2=Fe,500.0,11.196087741710958,6.6014,5.5615,0.0342,3,full,,0.5896166725638031,41.038332743619684,False
VGaFe2,full:X2=Fe,600.0,8.0285504153603,5.9514,5.2235,0.0304,2,full,,0.7412795202249367,25.872047977506327,False
VGaFe2,full:X2=Fe,700.0,6.545765036721479,5.3921,4.9817,0.0289,2,full,,0.8237539798252055,17.624602017479454,False
Li2ZnGe,full:X2=Li,300.0,2.41261392683427,3.1511,3.284,0.0381,2,full,,1.3060937620196613,30.609376201966143,False
Li2ZnGe,full:X2=Li,400.0,1.6892790852603783,2.4886,3.0521,0.0291,2,full,,1.4731727999914341,47.3172799991434,False
Li2ZnGe,full:X2=Li,500.0,1.2346711731467988,2.66,3.1169,0.0294,3,full,,2.154419782248965,115.44197822489649,False
Li2ZnGe,full:X2=Li,600.0,0.8937039,2.8523,3.0859,0.0347,3,full,,3.191549236833363,219.15492368333628,False
Li2ZnGe,full:X2=Li,700.0,1.0220899137991772,2.6148,2.8028,0.0432,2,full,,2.558287646417145,155.8287646417145,False
Li2ZnGe,full:X2=Li,800.0,1.0770664813863018,2.4862,2.798,0.0464,2,full,,2.3083069085948997,130.83069085948995,False
Li2ZnGe,full:X2=Li,900.0,1.2221550910510715,2.47,2.6203,0.0471,2,full,,2.0210200964558136,102.10200964558136,False
Li2ZnGe,full:X2=Li,1000.0,1.3649082338601384,2.4689,2.3017,0.184,2,full,,1.8088395532772406,80.88395532772405,False
Li2ZnGe,full:X2=Li,1100.0,1.5785375684174945,2.4689,2.3024,0.1835,2,full,,1.5640425982861506,56.40425982861505,False
Li2ZnGe,full:X2=Li,1200.0,1.6016774218773364,2.4689,2.3024,0.1835,2,full,,1.5414464649855566,54.14464649855565,False
Mn2AlV,full:X2=Mn,400.0,4.468919117509341,9.8421,21.3113,0.0061,4,full,,2.2023446254460946,120.23446254460947,False
Mn2AlV,full:X2=Mn,500.0,4.329839781597954,8.6757,18.3723,0.0053,4,full,,2.0037000068390936,100.37000068390938,False
Mn2AlV,full:X2=Mn,600.0,3.9607248724410713,8.1985,15.0071,0.0041,4,full,,2.0699493814997316,106.99493814997318,False
Mn2AlV,full:X2=Mn,700.0,3.656638428603502,7.0263,13.9418,0.0038,4,full,,1.9215189407401696,92.15189407401697,False
Mn2AlV,full:X2=Mn,800.0,3.441845479249345,6.2395,12.4144,0.003,4,full,,1.812835595792294,81.28355957922939,False
Mn2AlV,full:X2=Mn,900.0,3.5539984313566038,6.7627,10.9991,0.0035,4,full,,1.9028427081827934,90.28427081827935,False
Mn2AlV,full:X2=Mn,1000.0,5.107894505803857,6.6822,11.1447,0.0036,1,full,,1.3082102600997993,30.821026009979924,False
TiNi2Sn,full:X2=Ni,200.0,2.971059124838205,28.7264,21.3638,0.0024,10,full,,9.668740604939781,866.874060493978,False
TiNi2Sn,full:X2=Ni,300.0,3.062314797594281,16.6442,12.7452,0.0062,13,full,,5.4351695041527055,443.5169504152705,False
NbAlRu2,full:X2=Ru,200.0,5.752854850358567,25.1962,26.2389,0.0029,5,full,,4.379773287419125,337.9773287419125,False
NbAlRu2,full:X2=Ru,300.0,5.800016002870231,16.1654,15.2115,0.0137,5,full,,2.787130241020076,178.71302410200758,False
NbGaRu2,full:X2=Ru,200.0,5.1887050150684075,18.3291,20.8109,0.0036,4,full,,3.532499910241737,253.2499910241737,False
NbGaRu2,full:X2=Ru,300.0,5.174857072822206,11.9815,12.7575,0.0164,5,full,,2.3153296470593463,131.53296470593463,False
TaAlRu2,full:X2=Ru,200.0,6.748971875446516,18.1294,26.2713,0.0119,8,full,,2.686246191950614,168.62461919506146,False
TaAlRu2,full:X2=Ru,300.0,6.490730849874355,10.8743,13.7746,0.0506,8,full,,1.6753583304429425,67.53583304429424,False
TiGeRu2,full:X2=Ru,300.0,11.2,25.1328,18.7948,0.0862,1,full,,2.244,124.4,False
VGaRu2,full:X2=Ru,200.0,12.048765660804914,25.7308,22.6501,0.0026,6,full,,2.1355548546938095,113.55548546938093,False
VGaRu2,full:X2=Ru,300.0,10.738065521235926,17.7676,13.9481,0.0108,5,full,,1.654636951587067,65.46369515870668,False
AlVNi,half:X=Al,300.0,13.0,13.476,19.7916,0.0004,1,half,V,1.0366153846153847,3.661538461538468,False
AlVNi,half:X=Al,400.0,10.5,11.4415,16.1136,0.0003,1,half,V,1.0896666666666666,8.966666666666661,False
AlVNi,half:X=Al,500.0,8.8,9.1865,15.9251,0.0004,1,half,V,1.0439204545454546,4.392045454545452,False
AlVNi,half:X=Al,600.0,7.5,8.977,13.1681,0.0004,1,half,V,1.1969333333333334,19.69333333333334,False
AlVNi,half:X=Al,700.0,6.2,7.5844,12.4405,0.0008,1,half,V,1.223290322580645,22.329032258064505,False
BaAgSb,half:X=Ba,300.0,2.371081739055648,1.1472,1.2492,0.7162,3,half,Ag,0.483829798485524,51.6170201514476,False
BaAgSb,half:X=Ba,400.0,1.7670600855423924,0.9111,1.0546,0.6991,4,half,Ag,0.5156021617229509,48.43978382770491,False
BaAgSb,half:X=Ba,500.0,1.3908890137635939,0.7787,0.8892,0.7323,4,half,Ag,0.5598577544968327,44.014224550316726,False
BaAgSb,half:X=Ba,600.0,1.0345305392867878,0.75,0.7411,0.7768,6,half,Ag,0.7249665152631017,27.503348473689822,False
BaAgSb,half:X=Ba,700.0,0.7410377844236651,0.5999,0.5017,0.8999,6,half,Ag,0.8095403670496591,19.04596329503409,False
BaAgSb,half:X=Ba,800.0,0.43459491843054665,0.5321,0.4264,0.9325,4,half,Ag,1.2243585404117785,22.435854041177848,True
BaAgSb,half:X=Ba,900.0,0.54325,0.4714,0.4046,0.9483,2,half,Ag,0.8677404509894155,13.225954901058449,False
BaAgSb,half:X=Ba,1000.0,0.44094999999999995,0.4269,0.3866,0.9481,2,half,Ag,0.9681369769815172,3.1863023018482712,True
CuAgTe,half:X=Cu,300.0,0.2973573197987887,2.4869,5.0677,0.2436,10,half,Ag,8.363338765908967,736.3338765908968,True
CuAgTe,half:X=Cu,400.0,0.2783194919285391,1.9983,4.3695,0.2433,13,half,Ag,7.1798780105314375,617.9878010531438,True
CuAgTe,half:X=Cu,500.0,0.2432745587946863,1.8315,3.8609,0.261,14,half,Ag,7.528530764064444,652.8530764064443,True
CuAgTe,half:X=Cu,600.0,0.197276532191416,1.7933,3.3655,0.3067,19,half,Ag,9.090285499645613,809.0285499645614,True
CuAgTe,half:X=Cu,700.0,0.15536457994094421,1.7019,2.9652,0.3523,14,half,Ag,10.95423423181082,995.4234231810821,True
DyNiSb,half:X=Dy,200.0,5.628203751741514,12.1151,12.5104,0.0346,4,half,Ni,2.152569546944932,115.25695469449323,False
DyNiSb,half:X=Dy,300.0,6.094034039419161,8.5063,6.7724,0.1236,5,half,Ni,1.395840578667125,39.58405786671251,False
DyNiSb,half:X=Dy,400.0,3.0619015362722415,6.2807,5.6773,0.1056,4,half,Ni,2.051241663259536,105.12416632595358,False
DyNiSb,half:X=Dy,500.0,3.0220319076636883,5.1383,5.2089,0.0897,4,half,Ni,1.7002798636803222,70.02798636803222,False
DyNiSb,half:X=Dy,600.0,2.909573606506069,4.3486,4.5949,0.096,4,half,Ni,1.4945832579303506,49.45832579303505,False
DyNiSb,half:X=Dy,700.0,2.745830356026726,3.7069,4.2882,0.0879,4,half,Ni,1.3500105685203225,35.00105685203226,False
DyNiSb,half:X=Dy,800.0,2.7173893325073335,3.2489,3.8735,0.0924,4,half,Ni,1.1955960675691037,19.559606756910384,False
DyNiSb,half:X=Dy,900.0,2.6456603009673723,2.8833,3.6966,0.0803,4,half,Ni,1.0898224533760952,8.982245337609525,False
DySbPt,half:X=Dy,300.0,3.8,6.2224,5.7508,0.0366,1,half,Sb,1.6374736842105264,63.74736842105265,False
DySbPt,half:X=Dy,500.0,3.5,3.6843,3.6566,0.0374,1,half,Sb,1.0526571428571427,5.265714285714283,False
DySbPt,half:X=Dy,700.0,3.5,2.5572,2.6682,0.1121,1,half,Sb,0.7306285714285714,26.937142857142856,False
DySbPt,half:X=Dy,900.0,3.8,1.9984,2.1629,0.1563,1,half,Sb,0.5258947368421053,47.410526315789475,False
ErBiPd,half:X=Er,400.0,5.4430180228533125,4.2412,4.6942,0.0162,2,half,Bi,0.7792000655137825,22.07999344862175,False
ErBiPd,half:X=Er,500.0,5.465659157335727,3.3935,3.7973,0.0221,1,half,Bi,0.6208766229861623,37.91233770138377,False
ErBiPd,half:X=Er,600.0,5.566154452177786,2.583,3.2841,0.0455,2,half,Bi,0.4640546758434611,53.594532415653894,False
ErBiPd,half:X=Er,700.0,5.428967707980956,2.172,2.3619,0.3162,1,half,Bi,0.4000760580703051,59.992394192969485,False
ErBiPd,half:X=Er,800.0,5.265734270917282,1.8638,2.1841,0.4075,2,half,Bi,0.3539487380314254,64.60512619685746,False
ErBiPd,half:X=Er,900.0,5.159320413873155,1.6484,1.8665,0.5459,2,half,Bi,0.31949944329247987,68.05005567075202,False
ErBiPd,half:X=Er,1000.0,4.908259831932599,1.4348,1.6296,0.5765,1,half,Bi,0.29232356255171105,70.76764374482889,False
ErNiSb,half:X=Er,200.0,6.873749058922181,14.3793,13.6952,0.0192,2,half,Ni,2.091915180018909,109.1915180018909,False
ErNiSb,half:X=Er,300.0,6.141843880492384,9.6005,7.8904,0.0776,4,half,Ni,1.563129930816532,56.312993081653204,False
ErNiSb,half:X=Er,400.0,3.798465603465854,7.9836,6.4131,0.0577,5,half,Ni,2.1017960496247436,110.17960496247437,False
ErNiSb,half:X=Er,500.0,3.624126514351958,6.1172,5.5622,0.0488,4,half,Ni,1.6879101697402628,68.79101697402628,False
ErNiSb,half:X=Er,600.0,3.6956812364505427,5.241,4.7594,0.0433,4,half,Ni,1.4181417889367627,41.81417889367627,False
ErNiSb,half:X=Er,700.0,3.755195490801049,4.5527,4.0858,0.0575,4,half,Ni,1.2123736330512127,21.23736330512127,False
ErNiSb,half:X=Er,800.0,3.887669441105584,4.0855,3.8778,0.0687,5,half,Ni,1.0508866717943377,5.088667179433762,False
ErNiSb,half:X=Er,900.0,4.022879750140978,3.5883,3.4739,0.1162,5,half,Ni,0.8919729703266052,10.80270296733948,False
ErNiSb,half:X=Er,1000.0,6.381286723189528,3.2329,3.1884,0.1189,1,half,Ni,0.5066219620334055,49.33780379665945,False
ErSbPd,half:X=Er,200.0,2.145705210737223,7.4634,7.9684,0.0226,7,half,Sb,3.478297001215614,247.82970012156142,False
ErSbPd,half:X=Er,300.0,2.2173606602427403,5.292,5.0762,0.0752,7,half,Sb,2.386621218138086,138.66212181380862,False
ErSbPd,half:X=Er,400.0,4.861203692800764,3.892,3.7834,0.085,2,half,Sb,0.8006247518004412,19.93752481995588,False
ErSbPd,half:X=Er,500.0,5.239878847050671,3.1789,3.1965,0.099,1,half,Sb,0.6066743321344695,39.33256678655305,False
ErSbPd,half:X=Er,600.0,5.650656177311548,2.5202,2.6878,0.156,2,half,Sb,0.4460012998347128,55.39987001652872,False
ErSbPd,half:X=Er,700.0,6.191587312156317,2.1143,1.9405,0.5667,2,half,Sb,0.3414794774594985,65.85205225405015,False
ErSbPd,half:X=Er,800.0,6.38805140505187,1.8713,1.7426,0.6163,1,half,Sb,0.29293752998294875,70.70624700170514,False
ErSbPd,half:X=Er,900.0,6.437225572581987,1.6566,1.5081,0.7244,2,half,Sb,0.25734689289993823,74.26531071000618,False
ErSbPd,half:X=Er,1000.0,6.181769492017292,1.462,1.3946,0.7254,1,half,Sb,0.2365018627575689,76.34981372424312,False
GdBiPd,half:X=Gd,300.0,3.533854202554079,6.2471,5.4197,0.0094,1,half,Bi,1.7677865701094666,76.77865701094665,False
GdBiPd,half:X=Gd,400.0,3.548746120990254,4.169,4.2346,0.0189,2,half,Bi,1.1747811361711802,17.478113617118026,False
GdBiPd,half:X=Gd,500.0,3.683310982078742,3.4105,3.4703,0.0221,2,half,Bi,0.9259332205708093,7.406677942919074,False
GdBiPd,half:X=Gd,600.0,3.8316026851067573,2.6807,2.9128,0.0686,2,half,Bi,0.6996289073550718,30.03710926449282,False
GdBiPd,half:X=Gd,700.0,3.984187549465276,2.0206,1.9964,0.3841,2,half,Bi,0.5071548402060511,49.2845159793949,False
GdBiPd,half:X=Gd,800.0,3.800600678382332,1.7227,1.8117,0.4285,2,half,Bi,0.453270455325299,54.672954467470106,False
GdBiPd,half:X=Gd,900.0,3.604218541408006,1.5112,1.4387,0.5936,2,half,Bi,0.4192864507626783,58.071354923732166,False
GdBiPd,half:X=Gd,1000.0,3.438096672285773,1.2296,1.232,0.6223,1,half,Bi,0.35763974000839155,64.23602599916084,False
HfCoSb,half:X=Hf,300.0,13.02608802089092,12.4121,14.1557,0.0065,2,half,Co,0.9528647419005444,4.713525809945558,False
HfCoSb,half:X=Hf,400.0,11.872989839773657,9.4941,11.7122,0.004,6,half,Co,0.7996385180247902,20.036148197520973,False
HfCoSb,half:X=Hf,500.0,10.213925960499422,8.0678,10.3041,0.0029,6,half,Co,0.7898823656252072,21.011763437479278,False
HfCoSb,half:X=Hf,600.0,9.217342850593628,6.9264,8.7628,0.0031,6,half,Co,0.7514530068233186,24.854699317668143,False
HfCoSb,half:X=Hf,700.0,8.190527118539055,7.0559,7.4797,0.0033,6,half,Co,0.8614708061986811,13.852919380131892,False
HfCoSb,half:X=Hf,800.0,7.469718420699261,6.1794,6.7759,0.0032,6,half,Co,0.8272600989719141,17.27399010280859,False
HfCoSb,half:X=Hf,900.0,7.075470011985956,5.4844,6.1828,0.0029,6,half,Co,0.7751287180511458,22.487128194885415,False
HfCoSb,half:X=Hf,1000.0,6.69443878308855,4.952,5.6334,0.0028,3,half,Co,0.7397184678885572,26.02815321114428,False
HfNiSn,half:X=Hf,200.0,8.777171877933126,15.9255,17.635,0.0015,14,half,Ni,1.8144227117209173,81.44227117209174,False
HfNiSn,half:X=Hf,300.0,7.3940486041819655,10.351,11.7827,0.0046,28,half,Ni,1.399909650870516,39.99096508705159,False
HfNiSn,half:X=Hf,400.0,4.411405169028592,7.9192,10.1201,0.0029,8,half,Ni,1.7951649636716178,79.51649636716178,False
HfNiSn,half:X=Hf,500.0,4.017042860588078,6.5679,8.9629,0.0021,11,half,Ni,1.6350086936932724,63.50086936932725,False
HfNiSn,half:X=Hf,600.0,3.733762790414442,5.9736,7.8619,0.0023,10,half,Ni,1.599887388490724,59.98873884907241,False
HfNiSn,half:X=Hf,700.0,3.403785702260114,6.1044,6.707,0.0016,8,half,Ni,1.793414901515885,79.3414901515885,False
HfNiSn,half:X=Hf,800.0,3.386623,5.4015,6.1617,0.0013,9,half,Ni,1.5949516671917718,59.49516671917719,False
HfNiSn,half:X=Hf,900.0,3.436483916995212,4.832,5.6269,0.0014,6,half,Ni,1.4060883498110468,40.60883498110467,False
HfSnPt,half:X=Hf,300.0,14.944991999498072,9.8479,11.6201,0.0323,2,half,Sn,0.6589431429826621,34.10568570173379,False
HfSnPt,half:X=Hf,400.0,12.224938335923909,7.4277,9.1928,0.0247,2,half,Sn,0.6075858868075547,39.241411319244534,False
HfSnPt,half:X=Hf,500.0,10.445896264582863,6.6052,7.7255,0.0188,2,half,Sn,0.632324870235897,36.7675129764103,False
HfSnPt,half:X=Hf,600.0,8.93500024461376,5.6678,6.6921,0.0144,2,half,Sn,0.6343368600819781,36.56631399180218,False
HfSnPt,half:X=Hf,700.0,7.977856141758178,5.0479,5.937,0.0071,2,half,Sn,0.6327389100911429,36.726108990885706,False
HfSnPt,half:X=Hf,800.0,7.186273879059151,4.4641,5.3922,0.0072,2,half,Sn,0.6211981445639606,37.88018554360394,False
HfSnPt,half:X=Hf,900.0,6.38119097281691,3.9466,5.1307,0.0061,2,half,Sn,0.6184738894059167,38.152611059408315,False
HfSnPt,half:X=Hf,1000.0,5.861189218066931,3.6073,4.6294,0.0055,2,half,Sn,0.6154553053637326,38.454469463626744,False
HfSnPt,half:X=Hf,1100.0,5.57315894494066,3.6073,4.5438,0.0055,2,half,Sn,0.6472630756879316,35.27369243120683,False
HoNiSb,half:X=Ho,200.0,4.191471334541747,14.0761,13.2319,0.0103,5,half,Ni,3.358271803984301,235.82718039843016,False
HoNiSb,half:X=Ho,300.0,4.39662494988665,9.5414,8.0541,0.0534,3,half,Ni,2.1701646396393186,117.01646396393184,False
HoSbPd,half:X=Ho,200.0,2.0373205949976225,7.2111,7.8988,0.0087,10,half,Sb,3.5395018426191363,253.95018426191368,False
HoSbPd,half:X=Ho,300.0,1.9844781698305176,5.0216,5.6016,0.0326,11,half,Sb,2.5304385184689964,153.04385184689963,False
LaBiPd,half:X=La,300.0,3.1663348834396845,2.5688,4.1549,0.1042,1,half,Bi,0.8112850012912833,18.871499870871666,False
LaBiPd,half:X=La,400.0,3.1999713336268534,1.7622,3.2928,0.1137,2,half,Bi,0.5506924332358688,44.93075667641312,False
LaBiPd,half:X=La,500.0,3.2285176020300366,1.4401,2.7769,0.1244,2,half,Bi,0.4460561091859898,55.39438908140102,False
LaBiPd,half:X=La,600.0,3.2157020297368266,1.1405,2.1706,0.1679,2,half,Bi,0.35466594524410544,64.53340547558945,False
LaBiPd,half:X=La,700.0,3.0966018075734443,0.9721,1.2488,0.4789,2,half,Bi,0.3139247666982911,68.60752333017089,False
LaBiPd,half:X=La,800.0,2.8602595455082245,0.8283,0.8916,0.6605,2,half,Bi,0.2895891043527044,71.04108956472956,False
LaBiPd,half:X=La,900.0,2.4025053458528576,0.7135,0.6716,0.7659,2,half,Bi,0.29698164927359066,70.30183507264093,False
LaBiPd,half:X=La,1000.0,2.0268280741232703,0.5752,0.6302,0.7698,1,half,Bi,0.28379318766285094,71.62068123371489,False
LaSbPd,half:X=La,300.0,2.4809360108537644,4.2927,4.0276,0.0974,1,half,Sb,1.7302743727448067,73.02743727448066,False
LaSbPd,half:X=La,400.0,2.4510745328109707,3.0711,3.3664,0.0993,2,half,Sb,1.2529606745487107,25.29606745487108,False
LaSbPd,half:X=La,500.0,2.1698299436261625,2.5616,2.8331,0.099,2,half,Sb,1.1805533459083533,18.055334590835333,False
LaSbPd,half:X=La,600.0,1.9190009945986275,2.0165,2.3817,0.1316,2,half,Sb,1.0508071677272712,5.0807167727271185,False
LaSbPd,half:X=La,700.0,1.9073866700587567,1.7827,1.8136,0.5873,2,half,Sb,0.934629578776014,6.537042122398591,False
LaSbPd,half:X=La,800.0,1.7791590397378783,1.525,1.5649,0.7443,2,half,Sb,0.8571465315572219,14.285346844277807,False
LaSbPd,half:X=La,900.0,1.7022783948678986,1.4245,1.3787,0.8005,2,half,Sb,0.8368196437754503,16.318035622454975,False
LaSbPd,half:X=La,1000.0,1.5644800915998989,1.2055,1.3153,0.7987,1,half,Sb,0.7705435220765311,22.945647792346893,False
LiAlGe,half:X=Li,200.0,1.7100148401838555,12.2552,11.0331,0.0009,5,half,Al,7.166721429553418,616.6721429553418,False
LiAlGe,half:X=Li,300.0,1.3738735785931437,8.1542,7.2694,0.003,8,half,Al,5.935189472345744,493.51894723457434,False
LiAlGe,half:X=Li,400.0,1.168075744349935,7.0064,7.5048,0.0021,5,half,Al,5.998241153358806,499.8241153358806,False
LiAlSi,half:X=Li,200.0,15.076574065111048,7.476,10.7865,0.0009,4,half,Al,0.49586862159224465,50.41313784077553,False
LiAlSi,half:X=Li,300.0,11.688246979711124,4.68,7.0677,0.0065,8,half,Al,0.40040221669885234,59.959778330114766,False
LiAlSi,half:X=Li,400.0,10.45207034296546,4.7363,7.5579,0.0068,4,half,Al,0.45314467321660007,54.685532678339996,False
LiZnSb,half:X=Li,300.0,3.6043813501477295,6.2312,5.3419,0.005,4,half,Zn,1.7287848855794927,72.87848855794928,False
LiZnSb,half:X=Li,400.0,3.1509193661394743,4.6648,4.8275,0.006,4,half,Zn,1.4804567994119573,48.045679941195736,False
LiZnSb,half:X=Li,500.0,2.758306101027209,3.9176,4.1605,0.0051,4,half,Zn,1.4202919677917776,42.02919677917775,False
LuNiSb,half:X=Lu,200.0,8.276913453225458,15.4318,15.9986,0.0107,2,half,Ni,1.8644389707840103,86.44389707840102,False
LuNiSb,half:X=Lu,300.0,5.9,10.0746,9.5889,0.0461,5,half,Ni,1.7075593220338983,70.75593220338982,False
LuNiSb,half:X=Lu,400.0,4.430040931303182,7.6933,7.8733,0.0405,3,half,Ni,1.7366205232187024,73.66205232187025,False
LuNiSb,half:X=Lu,500.0,4.155863607330322,6.2366,6.6178,0.0406,4,half,Ni,1.500674851070562,50.067485107056214,False
LuNiSb,half:X=Lu,600.0,4.129258162178192,5.2774,5.6971,0.0418,3,half,Ni,1.2780503888902313,27.805038889023134,False
LuNiSb,half:X=Lu,700.0,4.22594784686285,4.4728,4.9358,0.0341,4,half,Ni,1.0584134405067025,5.84134405067025,False
LuNiSb,half:X=Lu,800.0,4.301237956045393,3.9844,4.3487,0.0352,4,half,Ni,0.9263379614698888,7.366203853011125,False
LuNiSb,half:X=Lu,900.0,4.394467767235151,3.5707,4.1141,0.0342,4,half,Ni,0.8125443601208987,18.745563987910128,False
LuSbPt,half:X=Lu,300.0,3.8,6.8597,6.607,0.006,1,half,Sb,1.8051842105263158,80.5184210526316,False
LuSbPt,half:X=Lu,500.0,3.4,4.2246,4.1506,0.0055,1,half,Sb,1.2425294117647059,24.252941176470582,False
LuSbPt,half:X=Lu,700.0,3.2,2.9685,3.0055,0.0197,1,half,Sb,0.92765625,7.234375000000002,False
LuSbPt,half:X=Lu,900.0,3.5,2.3126,2.3605,0.0309,1,half,Sb,0.6607428571428572,33.92571428571428,False
MgAgSb,half:X=Mg,300.0,0.18444435635709133,4.517,7.0028,0.0257,2,half,Ag,24.48977073201912,2348.977073201912,True
MgAgSb,half:X=Mg,400.0,0.6967123947969183,4.0978,5.9936,0.0235,5,half,Ag,5.8816235086422575,488.16235086422574,False
MgAgSb,half:X=Mg,500.0,1.0450258373732524,3.5992,5.1341,0.0238,1,half,Ag,3.4441253711457014,244.41253711457014,False
MgNiSb,half:X=Mg,200.0,3.997162641817191,22.2313,19.1546,0.0003,2,half,Ni,5.561770183535289,456.177018353529,False
MgNiSb,half:X=Mg,300.0,3.6339012801980033,14.4369,12.5939,0.001,5,half,Ni,3.9728376988858005,297.28376988858,False
MgNiSb,half:X=Mg,400.0,3.024397070297166,10.9719,9.3777,0.0009,2,half,Ni,3.6277974568074627,262.77974568074626,False
NbCoSb,half:X=Nb,300.0,4.54727914108168,16.3548,17.2053,0.0015,9,half,Co,3.5966122801314584,259.6612280131458,False
NbCoSb,half:X=Nb,400.0,4.042914743198798,12.3053,12.9363,0.0011,10,half,Co,3.0436704164243427,204.36704164243426,False
NbCoSb,half:X=Nb,500.0,3.503596039090592,9.8713,10.8421,0.0011,10,half,Co,2.8174766411033607,181.74766411033605,False
NbCoSb,half:X=Nb,600.0,3.260309031674594,8.6373,8.7563,0.0008,10,half,Co,2.6492273941171827,164.92273941171828,False
NbCoSb,half:X=Nb,700.0,3.047579747595911,7.1548,7.4303,0.0005,10,half,Co,2.3476990243303977,134.76990243303976,False
NbCoSb,half:X=Nb,800.0,2.9984856030236653,6.2123,6.4815,0.0006,10,half,Co,2.0718125155363536,107.18125155363536,False
NbCoSb,half:X=Nb,900.0,2.885789290518642,5.5005,5.7902,0.0005,10,half,Co,1.9060643194123972,90.60643194123972,False
NbCoSb,half:X=Nb,1000.0,2.79106071143413,5.3261,5.1145,0.0004,9,half,Co,1.9082709230152473,90.82709230152473,False
NbCoSb,half:X=Nb,1100.0,2.48769917352532,5.3261,5.1145,0.0004,2,half,Co,2.1409743013470477,114.09743013470478,False
NbCoSn,half:X=Nb,300.0,8.27816053383799,12.6234,12.8921,0.0013,20,half,Co,1.5249039866284682,52.49039866284682,False
NbCoSn,half:X=Nb,400.0,7.840974152712135,9.8659,12.0304,0.001,29,half,Co,1.2582492695231573,25.82492695231572,False
NbCoSn,half:X=Nb,500.0,7.181511385421322,8.1788,10.5041,0.001,24,half,Co,1.1388689039194735,13.886890391947352,False
NbCoSn,half:X=Nb,600.0,6.632258848399715,7.3519,8.5614,0.0007,26,half,Co,1.1085061919400092,10.850619194000931,False
NbCoSn,half:X=Nb,700.0,6.249204272297364,6.0974,7.3138,0.0006,28,half,Co,0.9757082236901249,2.4291776309875135,False
NbCoSn,half:X=Nb,800.0,5.274898601463618,5.3912,6.4501,0.0006,23,half,Co,1.02204808230894,2.204808230894004,False
NbCoSn,half:X=Nb,900.0,4.932894496819175,5.1231,5.8305,0.0005,10,half,Co,1.038558599480178,3.8558599480177995,False
NbCoSn,half:X=Nb,1000.0,4.83828231410217,5.5245,5.3194,0.0004,5,half,Co,1.1418308485012765,14.183084850127647,False
NbFeSb,half:X=Nb,200.0,26.46496569874789,23.1846,29.5152,0.0005,4,half,Fe,0.8760487454966515,12.395125450334856,False
NbFeSb,half:X=Nb,300.0,17.1,14.7251,18.0392,0.0015,9,half,Fe,0.8611169590643274,13.888304093567262,False
NbFeSb,half:X=Nb,400.0,5.052570936750575,11.0992,13.6844,0.0012,16,half,Fe,2.1967430321993957,119.67430321993957,False
NbFeSb,half:X=Nb,500.0,3.213857,8.9679,11.3723,0.0012,23,half,Fe,2.790385508751634,179.0385508751634,False
NbFeSb,half:X=Nb,600.0,4.145997802810533,8.0507,9.2395,0.0009,25,half,Fe,1.9418003537152158,94.18003537152158,False
NbFeSb,half:X=Nb,700.0,3.05221,7.4432,7.8575,0.0007,23,half,Fe,2.4386264378925433,143.86264378925435,False
NbFeSb,half:X=Nb,800.0,3.995362412926857,6.4715,6.9834,0.0008,23,half,Fe,1.6197529363197904,61.975293631979056,False
NbFeSb,half:X=Nb,900.0,6.108196279271377,5.7254,6.4219,0.0006,6,half,Fe,0.9373307173231441,6.266928267685593,False
NbFeSb,half:X=Nb,1000.0,5.792529858153448,5.5515,5.7369,0.0007,3,half,Fe,0.9583895354783232,4.161046452167687,False
NbFeSb,half:X=Nb,1100.0,5.397427499003536,5.5515,5.7369,0.0007,1,half,Fe,1.028545543413952,2.8545543413952053,False
ScNiSb,half:X=Sc,200.0,8.785575237483172,19.5357,19.9923,0.0008,12,half,Ni,2.2236108020169256,122.36108020169254,False
ScNiSb,half:X=Sc,300.0,8.535104983278979,12.4518,12.8081,0.0039,28,half,Ni,1.4588924242167112,45.889242421671106,False
ScNiSb,half:X=Sc,400.0,8.608668870236759,9.1759,9.6697,0.0032,12,half,Ni,1.0658906897585947,6.589068975859462,False
ScNiSb,half:X=Sc,500.0,6.938859466542589,7.6075,8.4023,0.0032,7,half,Ni,1.0963617344725636,9.636173447256349,False
ScNiSb,half:X=Sc,600.0,6.258332228785319,6.3525,7.3136,0.0036,7,half,Ni,1.0150467836752985,1.5046783675298452,False
ScNiSb,half:X=Sc,700.0,6.288540183671076,5.3832,6.2459,0.003,6,half,Ni,0.8560333309116961,14.396666908830388,False
ScNiSb,half:X=Sc,800.0,6.696323302769867,4.7152,5.6994,0.0023,7,half,Ni,0.7041476026179329,29.585239738206713,False
ScNiSb,half:X=Sc,900.0,7.185676497261367,4.2363,5.0685,0.0021,7,half,Ni,0.5895478319424142,41.045216805758585,False
ScSbPd,half:X=Sc,200.0,4.26444887118485,12.3854,13.9286,0.0018,6,half,Sb,2.9043377876304084,190.43377876304083,False
ScSbPd,half:X=Sc,300.0,3.5993325946112646,8.3356,8.9424,0.0082,9,half,Sb,2.31587378517885,131.58737851788496,False
ScSbPd,half:X=Sc,400.0,3.355786122333426,6.0509,6.9432,0.0084,2,half,Sb,1.8031244481673172,80.31244481673173,False
TaCoSn,half:X=Ta,300.0,5.721771988446752,16.5919,16.4133,0.0032,1,half,Co,2.89978349950014,189.97834995001404,False
TaCoSn,half:X=Ta,400.0,4.972447101271777,13.895,13.22,0.0027,1,half,Co,2.7943987571926403,179.43987571926405,False
TaCoSn,half:X=Ta,500.0,4.3529595856720125,11.3817,11.4395,0.0024,1,half,Co,2.614703806914138,161.47038069141382,False
TaCoSn,half:X=Ta,600.0,4.026161808911069,9.6255,9.7961,0.0018,1,half,Co,2.390738489122808,139.07384891228082,False
TaCoSn,half:X=Ta,700.0,3.788104596599724,8.1942,8.3295,0.0027,1,half,Co,2.163139847657658,116.31398476576578,False
TaCoSn,half:X=Ta,800.0,3.558582573615181,7.349,7.3048,0.0024,1,half,Co,2.065148088592508,106.51480885925083,False
TaCoSn,half:X=Ta,900.0,3.3925737862202925,6.4746,6.5141,0.0029,1,half,Co,1.9084625443661845,90.84625443661847,False
TaCoSn,half:X=Ta,1000.0,3.3078177005901104,5.9153,6.2628,0.0036,1,half,Co,1.7882787189102707,78.82787189102709,False
TaFeSb,half:X=Ta,200.0,16.79205035282916,26.6423,28.5491,0.0016,7,half,Fe,1.586601959867947,58.660195986794704,False
TaFeSb,half:X=Ta,300.0,13.49958797358697,18.0985,19.467,0.004,7,half,Fe,1.3406705475316116,34.06705475316116,False
TaFeSb,half:X=Ta,400.0,11.74330522143023,14.5118,15.988,0.0038,3,half,Fe,1.2357509003102103,23.575090031021023,False
TaFeSb,half:X=Ta,500.0,10.691305424032503,12.1361,14.3294,0.0033,5,half,Fe,1.1351373399846767,13.513733998467663,False
TaFeSb,half:X=Ta,600.0,9.153440565691756,10.3438,11.725,0.0025,5,half,Fe,1.1300450279613832,13.004502796138317,False
TaFeSb,half:X=Ta,700.0,7.987692630649794,8.7566,9.8879,0.0043,5,half,Fe,1.0962615119164465,9.626151191644647,False
TaFeSb,half:X=Ta,800.0,6.752906701773662,7.8062,8.7301,0.0037,5,half,Fe,1.1559762846937733,15.597628469377323,False
TaFeSb,half:X=Ta,900.0,4.566900881293831,7.044,7.7371,0.005,1,half,Fe,1.5424026452714232,54.24026452714233,False
TaFeSb,half:X=Ta,1000.0,4.368778390326094,6.4476,7.2966,0.0063,1,half,Fe,1.475835902841192,47.583590284119204,False
TbSbPt,half:X=Tb,300.0,2.9,4.9341,5.2363,0.0798,1,half,Sb,1.7014137931034483,70.14137931034483,False
TbSbPt,half:X=Tb,500.0,2.8,2.9999,3.5607,0.101,1,half,Sb,1.071392857142857,7.139285714285713,False
TbSbPt,half:X=Tb,700.0,3.0,2.1173,2.1687,0.4095,1,half,Sb,0.7057666666666668,29.42333333333333,False
TbSbPt,half:X=Tb,900.0,3.2,1.6722,1.5486,0.5879,1,half,Sb,0.5225624999999999,47.743750000000006,False
TiCoSb,half:X=Ti,200.0,8.902606682543983,34.4991,36.0692,0.0005,38,half,Co,3.8751683894611455,287.51683894611455,False
TiCoSb,half:X=Ti,300.0,9.10333788069412,22.5104,22.9432,0.002,92,half,Co,2.4727633198959773,147.2763319895977,False
TiCoSb,half:X=Ti,400.0,9.607408385546709,17.2845,17.4788,0.0017,77,half,Co,1.799080387381329,79.9080387381329,False
TiCoSb,half:X=Ti,500.0,9.251816004585908,13.8299,14.2161,0.0016,47,half,Co,1.4948308519262428,49.483085192624266,False
TiCoSb,half:X=Ti,600.0,8.083246826770843,11.3665,11.7751,0.0013,45,half,Co,1.4061799971708617,40.617999717086164,False
TiCoSb,half:X=Ti,700.0,7.826912124548436,9.4952,9.9044,0.001,44,half,Co,1.2131476435284259,21.314764352842595,False
TiCoSb,half:X=Ti,800.0,6.58494916499137,8.2204,8.6512,0.0012,42,half,Co,1.2483619529978214,24.836195299782137,False
TiCoSb,half:X=Ti,900.0,7.718513338975894,7.3012,7.7122,0.0012,28,half,Co,0.945933456269538,5.406654373046201,False
TiCoSb,half:X=Ti,1000.0,7.932644152923648,6.5568,6.8834,0.0014,9,half,Co,0.8265591993791165,17.344080062088352,False
TiNiSn,half:X=Ti,200.0,8.391893032278347,30.0519,30.2991,0.0002,13,half,Ni,3.5810632814800187,258.10632814800186,False
TiNiSn,half:X=Ti,300.0,5.8880953275015875,19.7602,18.7425,0.0007,82,half,Ni,3.355957894857074,235.59578948570737,False
TiNiSn,half:X=Ti,400.0,4.523324511634004,15.9982,14.7498,0.0007,134,half,Ni,3.5368234047441396,253.68234047441396,False
TiNiSn,half:X=Ti,500.0,4.219057403098667,12.9245,12.1438,0.0006,133,half,Ni,3.06336197049788,206.336197049788,False
TiNiSn,half:X=Ti,600.0,3.9945829963500867,10.7106,10.1473,0.0005,132,half,Ni,2.6812811274134103,168.12811274134106,False
TiNiSn,half:X=Ti,700.0,4.002259517466314,8.9782,8.8405,0.0007,126,half,Ni,2.243282815823941,124.32828158239408,False
TiNiSn,half:X=Ti,800.0,4.111123753371315,7.889,7.7421,0.0008,86,half,Ni,1.918940044928263,91.89400449282631,False
TiNiSn,half:X=Ti,900.0,4.690679610096055,7.1172,6.9645,0.0008,39,half,Ni,1.5173067852856945,51.730678528569456,False
TiNiSn,half:X=Ti,1000.0,6.308657167167824,6.5137,6.5885,0.0013,8,half,Ni,1.032501818913109,3.2501818913109073,False
TiSnPt,half:X=Ti,400.0,16.955116999419236,13.1123,12.8994,0.0027,1,half,Sn,0.7733535545905779,22.66464454094221,False
TiSnPt,half:X=Ti,500.0,13.982061224812057,10.3767,10.5232,0.0025,1,half,Sn,0.7421437964801559,25.785620351984402,False
TiSnPt,half:X=Ti,600.0,11.494792850696845,8.3642,8.7401,0.0022,1,half,Sn,0.7276512163934247,27.234878360657536,False
TiSnPt,half:X=Ti,700.0,10.246164714531064,7.0694,7.445,0.0009,1,half,Sn,0.6899557246014413,31.00442753985587,False
TiSnPt,half:X=Ti,800.0,9.132582196965467,6.165,6.6374,0.0009,1,half,Sn,0.6750555173813249,32.49444826186752,False
TiSnPt,half:X=Ti,900.0,8.41290463265947,5.3811,6.0091,0.0015,1,half,Sn,0.6396245096028074,36.037549039719266,False
TiSnPt,half:X=Ti,1000.0,7.830879332455192,4.8083,5.3819,0.0021,1,half,Sn,0.6140178894178502,38.598211058214986,False
TiSnPt,half:X=Ti,1100.0,7.45058419631965,4.8083,5.346,0.0021,1,half,Sn,0.6453587897678073,35.46412102321928,False
TmNiSb,half:X=Tm,200.0,4.370626323762425,14.4546,13.9366,0.0072,8,half,Ni,3.3072147855360123,230.7214785536012,False
TmNiSb,half:X=Tm,300.0,4.888408698198408,9.668,8.8144,0.0282,13,half,Ni,1.9777397097675324,97.77397097675323,False
TmNiSb,half:X=Tm,400.0,6.0253033462125805,7.2841,6.4867,0.0238,9,half,Ni,1.2089183865869062,20.891838658690617,False
TmNiSb,half:X=Tm,500.0,3.223159666786729,6.3353,5.6088,0.024,4,half,Ni,1.9655557449674417,96.55557449674417,False
TmNiSb,half:X=Tm,600.0,3.217150528911483,5.4033,5.0154,0.0219,4,half,Ni,1.6795297426844982,67.95297426844982,False
TmNiSb,half:X=Tm,700.0,3.3072108194364893,4.6505,4.2834,0.0181,4,half,Ni,1.4061698070981734,40.61698070981734,False
TmNiSb,half:X=Tm,800.0,3.442960270620004,4.1341,4.0136,0.0232,4,half,Ni,1.2007399664985203,20.073996649852035,False
TmNiSb,half:X=Tm,900.0,3.496507028935575,3.6933,3.7889,0.0248,4,half,Ni,1.0562827328633553,5.62827328633552,False
VCoSb,half:X=V,300.0,2.9063483522037625,20.6383,22.3336,0.001,8,half,Co,7.10111022457127,610.111022457127,False
VCoSb,half:X=V,400.0,2.6370182520930534,15.3105,16.4525,0.0008,9,half,Co,5.805989392696753,480.59893926967527,False
VCoSb,half:X=V,500.0,2.459908740816146,12.678,14.4356,0.0007,9,half,Co,5.153849730130113,415.3849730130113,False
VCoSb,half:X=V,600.0,2.3678857766526473,10.3519,11.6867,0.0006,8,half,Co,4.371790270489282,337.1790270489282,False
VCoSb,half:X=V,700.0,2.335900736578986,9.0772,9.7981,0.0005,9,half,Co,3.8859527966474716,288.5952796647472,False
VCoSb,half:X=V,800.0,2.293191856189848,8.135,8.6107,0.0004,9,half,Co,3.5474572169100367,254.74572169100367,False
VCoSb,half:X=V,900.0,2.140204411136988,7.5941,7.4882,0.0003,9,half,Co,3.5483059283882232,254.83059283882235,False
VCoSb,half:X=V,1000.0,2.285628690553356,6.6235,6.507,0.0004,8,half,Co,2.8978897698367776,189.78897698367777,False
VCoSn,half:X=V,300.0,12.80163145112045,18.6225,21.5095,0.001,1,half,Co,1.4546974009605693,45.469740096056924,False
VCoSn,half:X=V,400.0,9.32784322402518,14.2622,16.232,0.0008,1,half,Co,1.5289922501340594,52.899225013405946,False
VCoSn,half:X=V,500.0,3.771659881588847,11.5832,13.6725,0.0007,1,half,Co,3.071114671962539,207.1114671962539,False
VCoSn,half:X=V,600.0,0.3642936912614081,9.4172,11.0627,0.0006,1,half,Co,25.8505711899426,2485.05711899426,True
VFeSb,half:X=V,300.0,9.481755771780914,14.6757,20.8167,0.0009,12,half,Fe,1.5477829584766378,54.778295847663784,False
VFeSb,half:X=V,400.0,7.553345772553992,11.3867,15.4432,0.0007,17,half,Fe,1.5075041369580842,50.750413695808426,False
VFeSb,half:X=V,500.0,6.651865688993156,9.2916,13.443,0.0005,17,half,Fe,1.39684119229509,39.68411922950901,False
VFeSb,half:X=V,600.0,5.790386104866167,7.638,10.8626,0.0005,15,half,Fe,1.3190830216971405,31.908302169714062,False
VFeSb,half:X=V,700.0,5.75342181776963,6.7737,9.1768,0.0004,10,half,Fe,1.1773341525349674,17.73341525349675,False
VFeSb,half:X=V,800.0,3.296835493035178,6.0886,8.0613,0.0003,3,half,Fe,1.8468012774257743,84.68012774257744,False
VFeSb,half:X=V,900.0,2.023770330607771,5.9223,7.0211,0.0003,1,half,Fe,2.9263696134044213,192.63696134044213,False
VFeSb,half:X=V,1000.0,1.6100935484968155,5.5942,6.1589,0.0003,1,half,Fe,3.4744565029918597,247.44565029918596,False
VNiSn,half:X=V,300.0,3.0,11.3573,15.701,0.0009,1,half,Ni,3.785766666666667,278.57666666666665,False
VNiSn,half:X=V,400.0,2.5,10.4785,11.7431,0.0007,1,half,Ni,4.1914,319.14,False
VNiSn,half:X=V,500.0,2.2,8.7018,9.9148,0.0006,1,half,Ni,3.955363636363636,295.53636363636366,False
VNiSn,half:X=V,600.0,2.0,7.7001,8.069,0.0005,1,half,Ni,3.85005,285.005,False
VNiSn,half:X=V,700.0,1.8,6.426,6.8447,0.0003,1,half,Ni,3.57,257.0,False
YNiBi,half:X=Y,200.0,2.8394902726538573,10.5117,11.187,0.0068,1,half,Ni,3.7019672513882242,270.1967251388224,False
YNiBi,half:X=Y,300.0,3.1734725337117577,7.3228,7.4088,0.0186,2,half,Ni,2.307503821826088,130.7503821826088,False
YNiBi,half:X=Y,400.0,3.072540535521754,5.3212,5.7641,0.0178,2,half,Ni,1.7318567284894735,73.18567284894735,False
YNiBi,half:X=Y,500.0,3.9457950670671353,4.3471,4.9852,0.019,2,half,Ni,1.1017044540103675,10.17044540103676,False
YNiBi,half:X=Y,600.0,4.528104664387406,3.478,4.5025,0.0224,2,half,Ni,0.7680917862508216,23.190821374917835,False
YNiBi,half:X=Y,700.0,5.238690333071573,3.0095,4.0635,0.0291,1,half,Ni,0.5744756434640137,42.55243565359863,False
YNiSb,half:X=Y,200.0,2.2191266690132525,12.3589,14.2901,0.0023,9,half,Ni,5.569262977446644,456.9262977446644,False
YNiSb,half:X=Y,300.0,2.2655074055852795,8.339,9.5721,0.0105,11,half,Ni,3.680853119014931,268.0853119014931,False
YNiSb,half:X=Y,400.0,2.592224699892089,6.3571,7.3296,0.0103,2,half,Ni,2.4523722809464155,145.23722809464155,False
YSbPd,half:X=Y,200.0,2.4713378058086692,8.8216,9.7184,0.0091,6,half,Sb,3.5695646217468044,256.9564621746804,False
YSbPd,half:X=Y,300.0,2.2567844889520567,6.1929,6.8063,0.0268,9,half,Sb,2.744125560201669,174.4125560201669,False
YSbPd,half:X=Y,400.0,2.1993935019781596,4.5662,5.1556,0.0279,2,half,Sb,2.0761178006087166,107.61178006087168,False
YSbPt,half:X=Y,200.0,2.6299710931149125,8.4929,8.8245,0.0072,11,half,Sb,3.2292750373697423,222.92750373697422,False
YSbPt,half:X=Y,300.0,2.105113,5.5401,5.8447,0.0259,21,half,Sb,2.6317352085137475,163.17352085137475,False
YSbPt,half:X=Y,400.0,2.531515929278495,4.0066,4.4328,0.0276,4,half,Sb,1.5826880461865858,58.26880461865857,False
YSbPt,half:X=Y,500.0,2.4521569531688856,3.2913,3.7182,0.0352,2,half,Sb,1.34220609155817,34.22060915581699,False
YSbPt,half:X=Y,600.0,2.0147061748797093,2.7064,3.2107,0.0584,2,half,Sb,1.3433224326924937,34.33224326924938,False
YSbPt,half:X=Y,700.0,1.752915347375903,2.3306,2.5824,0.191,2,half,Sb,1.3295565033924115,32.95565033924116,False
YSbPt,half:X=Y,800.0,1.5917141360125793,2.0928,2.2534,0.2008,2,half,Sb,1.314808955107163,31.480895510716294,False
YSbPt,half:X=Y,900.0,1.2709790210503766,1.8892,1.7615,0.4165,2,half,Sb,1.4864132048684062,48.64132048684063,False
YSbPt,half:X=Y,1000.0,0.8420283494442533,1.6489,1.6359,0.4459,1,half,Sb,1.9582476066135892,95.82476066135892,False
YbNiSb,half:X=Yb,200.0,2.70701415846888,11.9268,11.1083,0.0215,4,half,Ni,4.40588755795276,340.58875579527603,False
YbNiSb,half:X=Yb,300.0,2.72868670086349,8.1367,5.9108,0.1157,3,half,Ni,2.9819106742540833,198.19106742540833,False
YbNiSb,half:X=Yb,400.0,2.071807722947252,6.0489,4.9209,0.0928,2,half,Ni,2.9196242165731148,191.9624216573115,False
YbNiSb,half:X=Yb,500.0,1.928862178646399,5.1906,4.4696,0.0804,2,half,Ni,2.6910165264594292,169.10165264594292,False
YbNiSb,half:X=Yb,600.0,1.8196994909626136,4.3468,3.8423,0.0831,2,half,Ni,2.3887460658136255,138.87460658136254,False
YbNiSb,half:X=Yb,700.0,1.7321446431606566,3.7142,3.3576,0.0702,2,half,Ni,2.1442782013993202,114.42782013993201,False
YbNiSb,half:X=Yb,800.0,1.6535879267925235,3.3099,2.9001,0.0837,2,half,Ni,2.0016474155204054,100.16474155204052,False
ZnNiSn,half:X=Zn,600.0,3.585936442246632,6.426,9.3944,0.0009,2,half,Ni,1.7920005285910852,79.20005285910852,False
ZnNiSn,half:X=Zn,700.0,2.8161301631782587,5.3218,7.8031,0.0008,2,half,Ni,1.8897564003198861,88.9756400319886,False
ZnNiSn,half:X=Zn,800.0,2.730359480052706,4.9065,6.9527,0.0008,2,half,Ni,1.7970161203481114,79.70161203481113,False
ZnNiSn,half:X=Zn,900.0,2.361302351056005,4.4269,6.2607,0.0004,2,half,Ni,1.8747705045142706,87.47705045142706,False
ZnNiSn,half:X=Zn,1000.0,2.6923737560342387,4.7533,6.1294,0.0006,2,half,Ni,1.7654681075934366,76.54681075934366,False
ZrCoBi,half:X=Zr,300.0,14.324305,14.3481,11.7278,0.0023,10,half,Co,1.001661162618361,0.1661162618360876,False
ZrCoBi,half:X=Zr,400.0,11.673719190199083,11.0467,10.1388,0.0016,14,half,Co,0.9462879670152156,5.37120329847844,False
ZrCoBi,half:X=Zr,500.0,9.763931,9.9835,9.1852,0.0014,15,half,Co,1.0224877664539005,2.2487766453900577,False
ZrCoBi,half:X=Zr,600.0,8.779901505869102,7.9243,7.7882,0.0011,16,half,Co,0.9025499881408512,9.745001185914878,False
ZrCoBi,half:X=Zr,700.0,7.872144127129137,6.7793,6.9257,0.001,15,half,Co,0.8611757979172464,13.882420208275356,False
ZrCoBi,half:X=Zr,800.0,7.422347500000001,6.0377,6.3994,0.0009,10,half,Co,0.8134488448566979,18.65511551433021,False
ZrCoBi,half:X=Zr,900.0,3.8800992997219863,5.2472,5.8042,0.0015,2,half,Co,1.3523365240616312,35.233652406163124,False
ZrCoBi,half:X=Zr,1000.0,3.300970067184336,4.7968,5.1961,0.0021,2,half,Co,1.453148590375307,45.31485903753071,False
ZrCoSb,half:X=Zr,200.0,17.30966908644135,28.0887,23.8382,0.0005,3,half,Co,1.6227173298189654,62.271732981896555,False
ZrCoSb,half:X=Zr,300.0,15.271601754812346,18.1807,15.8285,0.0019,19,half,Co,1.1904907089572938,19.049070895729376,False
ZrCoSb,half:X=Zr,400.0,13.273605264136213,14.1514,12.1339,0.0014,20,half,Co,1.066130845267449,6.613084526744893,False
ZrCoSb,half:X=Zr,500.0,11.423958092001186,11.6681,10.5162,0.0013,20,half,Co,1.0213710437339365,2.1371043733936466,False
ZrCoSb,half:X=Zr,600.0,9.569977942586274,9.7131,8.8975,0.0013,21,half,Co,1.0149553173761077,1.4955317376107613,False
ZrCoSb,half:X=Zr,700.0,8.497521730767192,8.233,7.6786,0.0011,20,half,Co,0.9688707202937263,3.112927970627371,False
ZrCoSb,half:X=Zr,800.0,7.616184754935865,7.3755,6.6687,0.0011,22,half,Co,0.9683982515287745,3.1601748471225535,False
ZrCoSb,half:X=Zr,900.0,6.906214307132441,6.56,5.9847,0.0008,18,half,Co,0.9498691625055877,5.013083749441222,False
ZrCoSb,half:X=Zr,1000.0,6.627712293613554,5.8604,5.4753,0.0014,9,half,Co,0.8842266743604827,11.577332563951721,False
ZrCoSb,half:X=Zr,1100.0,6.372414560840827,5.7514,5.4753,0.0014,1,half,Co,0.9025464280593061,9.74535719406939,False
ZrNiPb,half:X=Zr,300.0,7.585405406355404,10.6417,10.1826,0.0031,1,half,Ni,1.4029177650918816,40.29177650918817,False
ZrNiPb,half:X=Zr,400.0,6.822370567768012,8.2793,8.5443,0.0027,1,half,Ni,1.21355178786611,21.355178786610995,False
ZrNiPb,half:X=Zr,500.0,5.647570806633364,7.5113,7.9034,0.0022,1,half,Ni,1.3300054584844851,33.00054584844851,False
ZrNiPb,half:X=Zr,600.0,5.134460458093103,6.3669,6.8857,0.0021,1,half,Ni,1.2400329210763101,24.003292107631026,False
ZrNiPb,half:X=Zr,700.0,5.146890362227769,5.472,6.0576,0.002,1,half,Ni,1.0631662256025816,6.316622560258153,False
ZrNiPb,half:X=Zr,800.0,5.522559687069132,4.8189,5.4662,0.0018,1,half,Ni,0.8725845030309543,12.741549696904578,False
ZrNiPb,half:X=Zr,900.0,5.91306802444255,4.2979,4.9307,0.0027,1,half,Ni,0.7268477180093292,27.31522819906708,False
ZrNiSn,half:X=Zr,200.0,6.350502289967647,21.8828,23.1459,0.0002,21,half,Ni,3.4458376677652507,244.58376677652507,False
ZrNiSn,half:X=Zr,300.0,6.137612457516103,14.3463,14.3651,0.0008,102,half,Ni,2.3374398594410373,133.74398594410374,False
ZrNiSn,half:X=Zr,400.0,5.722526673889808,11.452,11.1525,0.0006,95,half,Ni,2.0012139134714877,100.12139134714879,False
ZrNiSn,half:X=Zr,500.0,5.12717436668639,9.6719,10.066,0.0005,96,half,Ni,1.8863996634955082,88.63996634955082,False
ZrNiSn,half:X=Zr,600.0,4.624210599827445,7.8713,8.4885,0.0005,92,half,Ni,1.7021932349477598,70.21932349477598,False
ZrNiSn,half:X=Zr,700.0,4.350228079971132,6.8944,7.2664,0.0005,89,half,Ni,1.5848364438045166,58.483644380451665,False
ZrNiSn,half:X=Zr,800.0,4.126777726583178,6.2533,6.3231,0.0004,78,half,Ni,1.515298476028537,51.5298476028537,False
ZrNiSn,half:X=Zr,900.0,4.05689659207119,5.5493,5.7128,0.0005,59,half,Ni,1.3678682396898079,36.78682396898079,False
ZrNiSn,half:X=Zr,1000.0,3.602086403683966,5.0805,5.3716,0.0008,12,half,Ni,1.4104325745223696,41.04325745223695,False
ZrNiSn,half:X=Zr,1100.0,6.787544504425905,4.9861,5.3716,0.0008,2,half,Ni,0.7345955517122209,26.540444828777915,False
ZrSbIr,half:X=Zr,300.0,9.2,14.2246,16.4962,0.018,1,half,Sb,1.5461521739130437,54.61521739130437,False
ZrSbIr,half:X=Zr,500.0,4.5,8.7553,10.6004,0.013,1,half,Sb,1.9456222222222221,94.56222222222223,False
ZrSbIr,half:X=Zr,700.0,2.8,6.3126,8.1602,0.0043,1,half,Sb,2.2545,125.45,False
ZrSbIr,half:X=Zr,1000.0,1.8,4.6646,5.7489,0.0072,1,half,Sb,2.5914444444444444,159.14444444444447,False
ZrSnPt,half:X=Zr,300.0,20.00041532665796,13.5504,13.4892,0.0055,1,half,Sn,0.6775059306863029,32.249406931369705,False
ZrSnPt,half:X=Zr,400.0,16.888358567429478,10.2397,10.1575,0.0047,1,half,Sn,0.6063170650431394,39.36829349568606,False
ZrSnPt,half:X=Zr,500.0,14.379687608199344,8.2452,8.2623,0.0049,1,half,Sn,0.5733921504176879,42.66078495823121,False
ZrSnPt,half:X=Zr,600.0,12.755399775164664,6.8114,6.9178,0.004,1,half,Sn,0.5340012951426345,46.599870485736545,False
ZrSnPt,half:X=Zr,700.0,11.398012716103027,5.8274,5.8626,0.002,1,half,Sn,0.5112645638451598,48.87354361548401,False
ZrSnPt,half:X=Zr,800.0,10.15041545548161,5.0771,4.9863,0.0021,1,half,Sn,0.5001864231338603,49.98135768661397,False
ZrSnPt,half:X=Zr,900.0,9.05065374696799,4.5288,4.4752,0.0032,1,half,Sn,0.5003837431652016,49.96162568347984,False
ZrSnPt,half:X=Zr,1000.0,7.95447945430361,4.0564,3.984,0.0055,1,half,Sn,0.5099516597287038,49.00483402712962,False
