compound,klass,cluster,sib,k_ref,k_pred,kk,ape,ratio,n_cond,review
AlVFe2,full,full:X2=Fe,5,14.125911403068438,6.0853,4.4564,57.69795074106165,0.4230204925893835,9,False
AlVNi,half,half:X=Al,9,8.8,9.1865,7.159405665703975,22.329032258064505,0.7896505176814376,5,False
BaAgSb,half,half:X=Ba,4,0.8877841618552265,0.6749499999999999,0.5661199149597034,29.20248306493556,0.7249246230813633,8,True
CuAgTe,half,half:X=Cu,0,0.2432745587946863,1.8315,1.4882629921433783,511.7626929494962,6.117626929494962,5,True
DyNiSb,half,half:X=Dy,7,2.9658027570848784,4.74345,3.8637737452679106,28.48416408400204,1.2395701434584745,8,False
DySbPt,half,half:X=Dy,7,3.65,3.12075,2.672053586250734,23.655611821407593,0.763443881785924,4,False
ErBiPd,half,half:X=Er,8,5.428967707980956,2.172,2.172,59.992394192969485,0.4000760580703051,7,False
ErNiSb,half,half:X=Er,8,3.887669441105584,5.241,4.927559942413786,21.23736330512127,1.0508866717943377,9,False
ErSbPd,half,half:X=Er,8,5.650656177311548,2.5202,2.3694784519884036,58.067198257393414,0.41932801742606585,9,False
GdBiPd,half,half:X=Gd,7,3.643764761743374,2.35065,2.270489843315077,41.75289166230212,0.5824710833769788,8,False
HfCoSb,half,half:X=Hf,32,8.703934984566342,6.99115,6.092318853107422,29.82895547411119,0.701710445258888,8,False
HfNiSn,half,half:X=Hf,32,3.87540282550126,6.33615,5.1740127840915076,38.810478081285865,1.3214272402851122,8,False
HfSnPt,half,half:X=Hf,32,7.977856141758178,5.0479,4.647809943027524,38.454469463626744,0.6154553053637326,9,False
HoNiSb,half,half:X=Ho,9,4.294048142214199,11.80875,4.780909597441948,11.460416396534367,1.1146041639653437,2,False
HoSbPd,half,half:X=Ho,9,2.01089938241407,6.116350000000001,2.4819625451661773,23.43283653115432,1.2343283653115433,2,False
LaBiPd,half,half:X=La,22,3.1314683455065646,1.0563,1.0221959754171839,67.6310111907182,0.32368988809281807,8,False
LaSbPd,half,half:X=La,22,1.9131938323286921,1.8996,1.8393012138787825,10.425265358029135,0.8957473464197085,8,False
Li2ZnGe,full,full:X2=Li,9,1.2997897035034685,2.4874,2.4689,77.97523541605233,1.7797523541605234,10,False
LiAlGe,half,half:X=Li,22,1.3738735785931435,8.1542,4.762551412178352,220.50023150667013,3.2050023150667015,3,False
LiAlSi,half,half:X=Li,22,11.688246979711124,4.7363,2.918703946130637,78.37828029826197,0.21621719701738024,3,False
LiZnSb,half,half:X=Li,22,3.1509193661394743,4.6648,3.183412010931422,6.645616178707399,1.0063301582422446,3,False
LuNiSb,half,half:X=Lu,6,4.347852861640272,5.757,4.689336006304673,13.197945175653064,0.9923757009882956,8,False
LuSbPt,half,half:X=Lu,6,3.45,3.5965499999999997,3.0820525732092534,9.390174342105261,0.9060982565789474,4,False
MgAgSb,half,half:X=Mg,2,0.6967123947969183,4.0978,2.6772293333333335,284.2660692312942,3.8426606923129416,3,True
MgNiSb,half,half:X=Mg,2,3.6339012801980033,14.4369,7.168308,94.6690472454042,1.9466904724540421,3,False
Mn2AlV,full,full:X2=Mn,0,3.9607248724410713,7.0263,6.7627,81.28355957922939,1.812835595792294,7,False
MnCo2Si,full,full:X2=Co,0,33.402852702032405,24.52375,21.341570666666662,28.05067469570631,0.7194932530429369,8,False
MnCo2Sn,full,full:X2=Co,0,3.5541973894126766,13.1645,6.857957999999999,74.08473199690353,1.7408473199690353,3,False
MnGaCo2,full,full:X2=Co,0,16.93364772992916,21.3114,11.340974666666666,37.05964473993139,0.629403552600686,3,False
NbAlRu2,full,full:X2=Ru,2,5.776435426614398,20.6808,5.798570539080373,2.7518558051562234,1.0037196311258658,2,False
NbCoSb,half,half:X=Nb,36,3.047579747595911,7.1548,7.1548,107.18125155363536,2.0718125155363536,9,False
NbCoSn,half,half:X=Nb,36,6.4407315603485396,6.7246500000000005,6.371715386334225,5.838766094811651,0.9988781529995324,8,False
NbFeSb,half,half:X=Nb,36,5.2249992178770555,7.74695,7.365223720240952,57.73748892125269,1.260883130107452,10,False
NbGaRu2,full,full:X2=Ru,2,5.181781043945307,15.1553,4.2592502497383755,17.798722237434394,0.822012777625656,2,False
ScNiSb,half,half:X=Sc,24,7.062267981901979,6.98,5.6762092629559495,25.660692001721486,0.7433930799827851,8,False
ScSbPd,half,half:X=Sc,24,3.5993325946112646,8.3356,4.0844439999999995,12.82873216080448,1.128287321608045,3,False
TaAlRu2,full,full:X2=Ru,2,6.619851362660436,14.501850000000001,4.0321628335901325,39.06920244489625,0.6093079755510376,2,False
TaCoSn,half,half:X=Ta,35,3.9071332027553964,8.90985,8.576913,98.68053164793466,1.9868053164793462,8,False
TaFeSb,half,half:X=Ta,35,9.153440565691756,10.3438,9.725184989952245,16.000696572090348,1.0624622424931078,9,False
TbSbPt,half,half:X=Tb,6,2.95,2.5586,2.1932539718246553,24.190096244357548,0.7580990375564245,4,False
TiCo2Ge,full,full:X2=Co,0,3.7731378178890815,24.7188,12.475021999999997,234.61412111722655,3.3461412111722653,3,False
TiCo2Si,full,full:X2=Co,0,3.013941580516548,46.2796,21.751412,621.6932186280832,7.216932186280832,3,False
TiCo2Sn,full,full:X2=Co,0,4.413651801301903,17.3929,8.48585,85.21313796409372,1.852131379640937,3,False
TiCoSb,half,half:X=Ti,45,8.083246826770843,11.3665,10.686722015921829,22.29123143904609,1.2229123143904608,9,False
TiFe2Si,full,full:X2=Fe,5,4.884374246785141,11.5819,5.903226,22.13901429417976,1.2213901429417977,3,False
TiFe2Sn,full,full:X2=Fe,5,2.5693753581551855,5.7698,4.831122333333333,83.8512897719649,1.838512897719649,8,False
TiGeRu2,full,full:X2=Ru,2,11.2,25.1328,9.299135999999999,16.972000000000005,0.8302799999999999,1,False
TiNi2Sn,full,full:X2=Ni,0,3.016686961216243,22.6853,10.10146857986404,235.48814909574565,3.3548814909574567,2,False
TiNiSn,half,half:X=Ti,45,4.523324511634004,10.7106,10.070048372298626,91.89400449282631,1.918940044928263,9,False
TiSnPt,half,half:X=Ti,45,9.689373455748266,6.6172,6.6172,35.75083503146927,0.6424916496853073,8,False
TmNiSb,half,half:X=Tm,7,3.4697336497777895,5.8693,4.69391,22.213561073236974,1.1744215611768305,8,False
VCoSb,half,half:X=V,35,2.351893256615817,9.71455,9.54003,267.0776165808384,3.670776165808384,8,False
VCoSn,half,half:X=V,35,6.549751552807013,12.922699999999999,9.273413333333332,89.76376278160306,1.7535092927618294,4,False
VFeSb,half,half:X=V,35,5.771903961317898,7.20585,6.9823965,26.714385580482265,1.2350177568990826,8,False
VGaFe2,full,full:X2=Fe,5,12.966841647358695,6.8583,5.019870333333333,60.15276553584836,0.3984723446415164,6,False
VGaRu2,full,full:X2=Ru,2,11.393415591020421,21.749200000000002,6.154555633586384,45.589686100891896,0.5441031389910811,2,False
VNiSn,half,half:X=V,35,2.2,8.7018,6.845953333333333,223.02136363636362,3.230213636363636,5,False
YNiBi,half,half:X=Y,25,3.5596338003894465,4.83415,3.3089779622742324,22.58909762078015,0.9585260972461533,6,False
YNiSb,half,half:X=Y,25,2.2655074055852795,8.339,4.08611,80.3618028317316,1.803618028317316,3,False
YSbPd,half,half:X=Y,25,2.2567844889520567,6.1929,3.034521,29.911021669771625,1.2991102166977162,3,False
YSbPt,half,half:X=Y,25,2.0147061748797093,2.7064,2.390361366969752,28.955025217173613,1.2895502521717361,9,False
YbNiSb,half,half:X=Yb,0,1.928862178646399,5.1906,4.111697481891647,100.16474155204052,2.0016474155204054,7,False
ZnNiSn,half,half:X=Zn,0,2.730359480052706,4.9065,4.9065,79.70161203481113,1.7970161203481114,5,False
ZrCoBi,half,half:X=Zr,38,8.326022816499119,7.3518,6.845831731736752,28.944914440665624,0.8053019836556063,8,False
ZrCoSb,half,half:X=Zr,38,9.033749836676733,8.97305,8.405928575508776,10.966947765563445,0.8903305223443656,10,False
ZrNiPb,half,half:X=Zr,38,5.647570806633364,6.3669,5.214433,12.741549696904578,0.8725845030309543,7,False
ZrNiSn,half,half:X=Zr,38,4.875692483256918,7.3828499999999995,6.923266255510828,38.91504071060887,1.3891504071060887,10,False
ZrSbIr,half,half:X=Zr,38,3.65,7.53395,6.467676430719825,86.31114290488502,1.8631114290488502,4,False
ZrSnPt,half,half:X=Zr,38,12.076706245633845,6.3194,5.92170092650343,51.40850204348497,0.4859149795651503,8,False
