formula,kappa_L,kappa_units,temperature_K,method,method_tier,tier_name,weight,kappa_basis,struct_a_A,struct_spacegroup,struct_sg_symbol,struct_prototype,struct_site_ordering,struct_species,struct_frac_coords,struct_grade,lattice_convention,source,source_doi,source_url,source_location,struct_source,struct_source_url,struct_source_detail,struct_id,struct_same_paper_as_kappa,stoichiometry,parent_formula,phase_note
ZrSbIr,9.2,W/m/K,300.0,"experimental, Derived from k_total - k_e - k_bp",0,experimental,1.0,wf_subtracted,6.292,216,F-43m,half_Heusler_C1b,X:4a Y:4c Z:4b,"['Zr', 'Zr', 'Zr', 'Zr', 'Sb', 'Sb', 'Sb', 'Sb', 'Ir', 'Ir', 'Ir', 'Ir']","[[0, 0, 0], [0, 0.5, 0.5], [0.5, 0, 0.5], [0.5, 0.5, 0], [0.25, 0.25, 0.25], [0.25, 0.75, 0.75], [0.75, 0.25, 0.75], [0.75, 0.75, 0.25], [0.5, 0.5, 0.5], [0.5, 0, 0], [0, 0.5, 0], [0, 0, 0.5]]",B,conventional,"recovered from heusler.sqlite (extracted, never merged)",10.1088/1361-6463/ac1dd8,https://doi.org/10.1088/1361-6463/ac1dd8,Figure 4b,C1b prototype + sourced lattice constant,,"XRD refined, 10.1088/1361-6463/ac1dd8",,True,stoichiometric,ZrSbIr,single-phase
ZrSbIr,4.5,W/m/K,500.0,"experimental, Derived from k_total - k_e - k_bp",0,experimental,1.0,wf_subtracted,6.292,216,F-43m,half_Heusler_C1b,X:4a Y:4c Z:4b,"['Zr', 'Zr', 'Zr', 'Zr', 'Sb', 'Sb', 'Sb', 'Sb', 'Ir', 'Ir', 'Ir', 'Ir']","[[0, 0, 0], [0, 0.5, 0.5], [0.5, 0, 0.5], [0.5, 0.5, 0], [0.25, 0.25, 0.25], [0.25, 0.75, 0.75], [0.75, 0.25, 0.75], [0.75, 0.75, 0.25], [0.5, 0.5, 0.5], [0.5, 0, 0], [0, 0.5, 0], [0, 0, 0.5]]",B,conventional,"recovered from heusler.sqlite (extracted, never merged)",10.1088/1361-6463/ac1dd8,https://doi.org/10.1088/1361-6463/ac1dd8,Figure 4b,C1b prototype + sourced lattice constant,,"XRD refined, 10.1088/1361-6463/ac1dd8",,True,stoichiometric,ZrSbIr,single-phase
ZrSbIr,2.8,W/m/K,700.0,"experimental, Derived from k_total - k_e - k_bp",0,experimental,1.0,wf_subtracted,6.292,216,F-43m,half_Heusler_C1b,X:4a Y:4c Z:4b,"['Zr', 'Zr', 'Zr', 'Zr', 'Sb', 'Sb', 'Sb', 'Sb', 'Ir', 'Ir', 'Ir', 'Ir']","[[0, 0, 0], [0, 0.5, 0.5], [0.5, 0, 0.5], [0.5, 0.5, 0], [0.25, 0.25, 0.25], [0.25, 0.75, 0.75], [0.75, 0.25, 0.75], [0.75, 0.75, 0.25], [0.5, 0.5, 0.5], [0.5, 0, 0], [0, 0.5, 0], [0, 0, 0.5]]",B,conventional,"recovered from heusler.sqlite (extracted, never merged)",10.1088/1361-6463/ac1dd8,https://doi.org/10.1088/1361-6463/ac1dd8,Figure 4b,C1b prototype + sourced lattice constant,,"XRD refined, 10.1088/1361-6463/ac1dd8",,True,stoichiometric,ZrSbIr,single-phase
ZrSbIr,1.8,W/m/K,950.0,"experimental, Derived from k_total - k_e - k_bp",0,experimental,1.0,wf_subtracted,6.292,216,F-43m,half_Heusler_C1b,X:4a Y:4c Z:4b,"['Zr', 'Zr', 'Zr', 'Zr', 'Sb', 'Sb', 'Sb', 'Sb', 'Ir', 'Ir', 'Ir', 'Ir']","[[0, 0, 0], [0, 0.5, 0.5], [0.5, 0, 0.5], [0.5, 0.5, 0], [0.25, 0.25, 0.25], [0.25, 0.75, 0.75], [0.75, 0.25, 0.75], [0.75, 0.75, 0.25], [0.5, 0.5, 0.5], [0.5, 0, 0], [0, 0.5, 0], [0, 0, 0.5]]",B,conventional,"recovered from heusler.sqlite (extracted, never merged)",10.1088/1361-6463/ac1dd8,https://doi.org/10.1088/1361-6463/ac1dd8,Figure 4b,C1b prototype + sourced lattice constant,,"XRD refined, 10.1088/1361-6463/ac1dd8",,True,stoichiometric,ZrSbIr,single-phase
AlVNi,13.0,W/m/K,300.0,"experimental, Derived from total and electronic kappa",0,experimental,0.7,wf_subtracted,5.7,216,F-43m,half_Heusler_C1b,X:4a Y:4c Z:4b,"['Al', 'Al', 'Al', 'Al', 'V', 'V', 'V', 'V', 'Ni', 'Ni', 'Ni', 'Ni']","[[0, 0, 0], [0, 0.5, 0.5], [0.5, 0, 0.5], [0.5, 0.5, 0], [0.25, 0.25, 0.25], [0.25, 0.75, 0.75], [0.75, 0.25, 0.75], [0.75, 0.75, 0.25], [0.5, 0.5, 0.5], [0.5, 0, 0], [0, 0.5, 0], [0, 0, 0.5]]",B,conventional,"recovered from heusler.sqlite (extracted, never merged)",10.1016/j.jpcs.2023.111854,https://doi.org/10.1016/j.jpcs.2023.111854,Fig. 5d,C1b prototype + sourced lattice constant,,"XRD refined, 10.1016/j.jpcs.2023.111854; JARVIS primitive 4.0321 x sqrt2 = 5.702",,True,stoichiometric,AlVNi,multiphase sample
AlVNi,10.5,W/m/K,400.0,"experimental, Derived from total and electronic kappa",0,experimental,0.7,wf_subtracted,5.7,216,F-43m,half_Heusler_C1b,X:4a Y:4c Z:4b,"['Al', 'Al', 'Al', 'Al', 'V', 'V', 'V', 'V', 'Ni', 'Ni', 'Ni', 'Ni']","[[0, 0, 0], [0, 0.5, 0.5], [0.5, 0, 0.5], [0.5, 0.5, 0], [0.25, 0.25, 0.25], [0.25, 0.75, 0.75], [0.75, 0.25, 0.75], [0.75, 0.75, 0.25], [0.5, 0.5, 0.5], [0.5, 0, 0], [0, 0.5, 0], [0, 0, 0.5]]",B,conventional,"recovered from heusler.sqlite (extracted, never merged)",10.1016/j.jpcs.2023.111854,https://doi.org/10.1016/j.jpcs.2023.111854,Fig. 5d,C1b prototype + sourced lattice constant,,"XRD refined, 10.1016/j.jpcs.2023.111854; JARVIS primitive 4.0321 x sqrt2 = 5.702",,True,stoichiometric,AlVNi,multiphase sample
AlVNi,8.8,W/m/K,500.0,"experimental, Derived from total and electronic kappa",0,experimental,0.7,wf_subtracted,5.7,216,F-43m,half_Heusler_C1b,X:4a Y:4c Z:4b,"['Al', 'Al', 'Al', 'Al', 'V', 'V', 'V', 'V', 'Ni', 'Ni', 'Ni', 'Ni']","[[0, 0, 0], [0, 0.5, 0.5], [0.5, 0, 0.5], [0.5, 0.5, 0], [0.25, 0.25, 0.25], [0.25, 0.75, 0.75], [0.75, 0.25, 0.75], [0.75, 0.75, 0.25], [0.5, 0.5, 0.5], [0.5, 0, 0], [0, 0.5, 0], [0, 0, 0.5]]",B,conventional,"recovered from heusler.sqlite (extracted, never merged)",10.1016/j.jpcs.2023.111854,https://doi.org/10.1016/j.jpcs.2023.111854,Fig. 5d,C1b prototype + sourced lattice constant,,"XRD refined, 10.1016/j.jpcs.2023.111854; JARVIS primitive 4.0321 x sqrt2 = 5.702",,True,stoichiometric,AlVNi,multiphase sample
AlVNi,7.5,W/m/K,600.0,"experimental, Derived from total and electronic kappa",0,experimental,0.7,wf_subtracted,5.7,216,F-43m,half_Heusler_C1b,X:4a Y:4c Z:4b,"['Al', 'Al', 'Al', 'Al', 'V', 'V', 'V', 'V', 'Ni', 'Ni', 'Ni', 'Ni']","[[0, 0, 0], [0, 0.5, 0.5], [0.5, 0, 0.5], [0.5, 0.5, 0], [0.25, 0.25, 0.25], [0.25, 0.75, 0.75], [0.75, 0.25, 0.75], [0.75, 0.75, 0.25], [0.5, 0.5, 0.5], [0.5, 0, 0], [0, 0.5, 0], [0, 0, 0.5]]",B,conventional,"recovered from heusler.sqlite (extracted, never merged)",10.1016/j.jpcs.2023.111854,https://doi.org/10.1016/j.jpcs.2023.111854,Fig. 5d,C1b prototype + sourced lattice constant,,"XRD refined, 10.1016/j.jpcs.2023.111854; JARVIS primitive 4.0321 x sqrt2 = 5.702",,True,stoichiometric,AlVNi,multiphase sample
AlVNi,6.2,W/m/K,723.0,"experimental, Derived from total and electronic kappa",0,experimental,0.7,wf_subtracted,5.7,216,F-43m,half_Heusler_C1b,X:4a Y:4c Z:4b,"['Al', 'Al', 'Al', 'Al', 'V', 'V', 'V', 'V', 'Ni', 'Ni', 'Ni', 'Ni']","[[0, 0, 0], [0, 0.5, 0.5], [0.5, 0, 0.5], [0.5, 0.5, 0], [0.25, 0.25, 0.25], [0.25, 0.75, 0.75], [0.75, 0.25, 0.75], [0.75, 0.75, 0.25], [0.5, 0.5, 0.5], [0.5, 0, 0], [0, 0.5, 0], [0, 0, 0.5]]",B,conventional,"recovered from heusler.sqlite (extracted, never merged)",10.1016/j.jpcs.2023.111854,https://doi.org/10.1016/j.jpcs.2023.111854,Fig. 5d,C1b prototype + sourced lattice constant,,"XRD refined, 10.1016/j.jpcs.2023.111854; JARVIS primitive 4.0321 x sqrt2 = 5.702",,True,stoichiometric,AlVNi,multiphase sample
AlNiSb,14.5,W/m/K,300.0,"experimental, Derived from total and electronic kappa",0,experimental,0.7,wf_subtracted,6.01,216,F-43m,half_Heusler_C1b,X:4a Y:4c Z:4b,"['Al', 'Al', 'Al', 'Al', 'Ni', 'Ni', 'Ni', 'Ni', 'Sb', 'Sb', 'Sb', 'Sb']","[[0, 0, 0], [0, 0.5, 0.5], [0.5, 0, 0.5], [0.5, 0.5, 0], [0.25, 0.25, 0.25], [0.25, 0.75, 0.75], [0.75, 0.25, 0.75], [0.75, 0.75, 0.25], [0.5, 0.5, 0.5], [0.5, 0, 0], [0, 0.5, 0], [0, 0, 0.5]]",B,conventional,"recovered from heusler.sqlite (extracted, never merged)",10.1016/j.jpcs.2023.111854,https://doi.org/10.1016/j.jpcs.2023.111854,Fig. 5d,C1b prototype + sourced lattice constant,,"XRD refined, 10.1016/j.jpcs.2023.111854",,True,stoichiometric,AlNiSb,multiphase sample
AlNiSb,11.5,W/m/K,400.0,"experimental, Derived from total and electronic kappa",0,experimental,0.7,wf_subtracted,6.01,216,F-43m,half_Heusler_C1b,X:4a Y:4c Z:4b,"['Al', 'Al', 'Al', 'Al', 'Ni', 'Ni', 'Ni', 'Ni', 'Sb', 'Sb', 'Sb', 'Sb']","[[0, 0, 0], [0, 0.5, 0.5], [0.5, 0, 0.5], [0.5, 0.5, 0], [0.25, 0.25, 0.25], [0.25, 0.75, 0.75], [0.75, 0.25, 0.75], [0.75, 0.75, 0.25], [0.5, 0.5, 0.5], [0.5, 0, 0], [0, 0.5, 0], [0, 0, 0.5]]",B,conventional,"recovered from heusler.sqlite (extracted, never merged)",10.1016/j.jpcs.2023.111854,https://doi.org/10.1016/j.jpcs.2023.111854,Fig. 5d,C1b prototype + sourced lattice constant,,"XRD refined, 10.1016/j.jpcs.2023.111854",,True,stoichiometric,AlNiSb,multiphase sample
AlNiSb,9.5,W/m/K,500.0,"experimental, Derived from total and electronic kappa",0,experimental,0.7,wf_subtracted,6.01,216,F-43m,half_Heusler_C1b,X:4a Y:4c Z:4b,"['Al', 'Al', 'Al', 'Al', 'Ni', 'Ni', 'Ni', 'Ni', 'Sb', 'Sb', 'Sb', 'Sb']","[[0, 0, 0], [0, 0.5, 0.5], [0.5, 0, 0.5], [0.5, 0.5, 0], [0.25, 0.25, 0.25], [0.25, 0.75, 0.75], [0.75, 0.25, 0.75], [0.75, 0.75, 0.25], [0.5, 0.5, 0.5], [0.5, 0, 0], [0, 0.5, 0], [0, 0, 0.5]]",B,conventional,"recovered from heusler.sqlite (extracted, never merged)",10.1016/j.jpcs.2023.111854,https://doi.org/10.1016/j.jpcs.2023.111854,Fig. 5d,C1b prototype + sourced lattice constant,,"XRD refined, 10.1016/j.jpcs.2023.111854",,True,stoichiometric,AlNiSb,multiphase sample
AlNiSb,8.0,W/m/K,600.0,"experimental, Derived from total and electronic kappa",0,experimental,0.7,wf_subtracted,6.01,216,F-43m,half_Heusler_C1b,X:4a Y:4c Z:4b,"['Al', 'Al', 'Al', 'Al', 'Ni', 'Ni', 'Ni', 'Ni', 'Sb', 'Sb', 'Sb', 'Sb']","[[0, 0, 0], [0, 0.5, 0.5], [0.5, 0, 0.5], [0.5, 0.5, 0], [0.25, 0.25, 0.25], [0.25, 0.75, 0.75], [0.75, 0.25, 0.75], [0.75, 0.75, 0.25], [0.5, 0.5, 0.5], [0.5, 0, 0], [0, 0.5, 0], [0, 0, 0.5]]",B,conventional,"recovered from heusler.sqlite (extracted, never merged)",10.1016/j.jpcs.2023.111854,https://doi.org/10.1016/j.jpcs.2023.111854,Fig. 5d,C1b prototype + sourced lattice constant,,"XRD refined, 10.1016/j.jpcs.2023.111854",,True,stoichiometric,AlNiSb,multiphase sample
AlNiSb,6.5,W/m/K,723.0,"experimental, Derived from total and electronic kappa",0,experimental,0.7,wf_subtracted,6.01,216,F-43m,half_Heusler_C1b,X:4a Y:4c Z:4b,"['Al', 'Al', 'Al', 'Al', 'Ni', 'Ni', 'Ni', 'Ni', 'Sb', 'Sb', 'Sb', 'Sb']","[[0, 0, 0], [0, 0.5, 0.5], [0.5, 0, 0.5], [0.5, 0.5, 0], [0.25, 0.25, 0.25], [0.25, 0.75, 0.75], [0.75, 0.25, 0.75], [0.75, 0.75, 0.25], [0.5, 0.5, 0.5], [0.5, 0, 0], [0, 0.5, 0], [0, 0, 0.5]]",B,conventional,"recovered from heusler.sqlite (extracted, never merged)",10.1016/j.jpcs.2023.111854,https://doi.org/10.1016/j.jpcs.2023.111854,Fig. 5d,C1b prototype + sourced lattice constant,,"XRD refined, 10.1016/j.jpcs.2023.111854",,True,stoichiometric,AlNiSb,multiphase sample
VNiSn,3.0,W/m/K,300.0,"experimental, Derived from total and electronic kappa",0,experimental,0.7,wf_subtracted,6.03,216,F-43m,half_Heusler_C1b,X:4a Y:4c Z:4b,"['V', 'V', 'V', 'V', 'Ni', 'Ni', 'Ni', 'Ni', 'Sn', 'Sn', 'Sn', 'Sn']","[[0, 0, 0], [0, 0.5, 0.5], [0.5, 0, 0.5], [0.5, 0.5, 0], [0.25, 0.25, 0.25], [0.25, 0.75, 0.75], [0.75, 0.25, 0.75], [0.75, 0.75, 0.25], [0.5, 0.5, 0.5], [0.5, 0, 0], [0, 0.5, 0], [0, 0, 0.5]]",B,conventional,"recovered from heusler.sqlite (extracted, never merged)",10.1016/j.jpcs.2023.111854,https://doi.org/10.1016/j.jpcs.2023.111854,Fig. 5d,C1b prototype + sourced lattice constant,,"XRD refined, 10.1016/j.jpcs.2023.111854",,True,stoichiometric,VNiSn,multiphase sample
VNiSn,2.5,W/m/K,400.0,"experimental, Derived from total and electronic kappa",0,experimental,0.7,wf_subtracted,6.03,216,F-43m,half_Heusler_C1b,X:4a Y:4c Z:4b,"['V', 'V', 'V', 'V', 'Ni', 'Ni', 'Ni', 'Ni', 'Sn', 'Sn', 'Sn', 'Sn']","[[0, 0, 0], [0, 0.5, 0.5], [0.5, 0, 0.5], [0.5, 0.5, 0], [0.25, 0.25, 0.25], [0.25, 0.75, 0.75], [0.75, 0.25, 0.75], [0.75, 0.75, 0.25], [0.5, 0.5, 0.5], [0.5, 0, 0], [0, 0.5, 0], [0, 0, 0.5]]",B,conventional,"recovered from heusler.sqlite (extracted, never merged)",10.1016/j.jpcs.2023.111854,https://doi.org/10.1016/j.jpcs.2023.111854,Fig. 5d,C1b prototype + sourced lattice constant,,"XRD refined, 10.1016/j.jpcs.2023.111854",,True,stoichiometric,VNiSn,multiphase sample
VNiSn,2.2,W/m/K,500.0,"experimental, Derived from total and electronic kappa",0,experimental,0.7,wf_subtracted,6.03,216,F-43m,half_Heusler_C1b,X:4a Y:4c Z:4b,"['V', 'V', 'V', 'V', 'Ni', 'Ni', 'Ni', 'Ni', 'Sn', 'Sn', 'Sn', 'Sn']","[[0, 0, 0], [0, 0.5, 0.5], [0.5, 0, 0.5], [0.5, 0.5, 0], [0.25, 0.25, 0.25], [0.25, 0.75, 0.75], [0.75, 0.25, 0.75], [0.75, 0.75, 0.25], [0.5, 0.5, 0.5], [0.5, 0, 0], [0, 0.5, 0], [0, 0, 0.5]]",B,conventional,"recovered from heusler.sqlite (extracted, never merged)",10.1016/j.jpcs.2023.111854,https://doi.org/10.1016/j.jpcs.2023.111854,Fig. 5d,C1b prototype + sourced lattice constant,,"XRD refined, 10.1016/j.jpcs.2023.111854",,True,stoichiometric,VNiSn,multiphase sample
VNiSn,2.0,W/m/K,600.0,"experimental, Derived from total and electronic kappa",0,experimental,0.7,wf_subtracted,6.03,216,F-43m,half_Heusler_C1b,X:4a Y:4c Z:4b,"['V', 'V', 'V', 'V', 'Ni', 'Ni', 'Ni', 'Ni', 'Sn', 'Sn', 'Sn', 'Sn']","[[0, 0, 0], [0, 0.5, 0.5], [0.5, 0, 0.5], [0.5, 0.5, 0], [0.25, 0.25, 0.25], [0.25, 0.75, 0.75], [0.75, 0.25, 0.75], [0.75, 0.75, 0.25], [0.5, 0.5, 0.5], [0.5, 0, 0], [0, 0.5, 0], [0, 0, 0.5]]",B,conventional,"recovered from heusler.sqlite (extracted, never merged)",10.1016/j.jpcs.2023.111854,https://doi.org/10.1016/j.jpcs.2023.111854,Fig. 5d,C1b prototype + sourced lattice constant,,"XRD refined, 10.1016/j.jpcs.2023.111854",,True,stoichiometric,VNiSn,multiphase sample
VNiSn,1.8,W/m/K,723.0,"experimental, Derived from total and electronic kappa",0,experimental,0.7,wf_subtracted,6.03,216,F-43m,half_Heusler_C1b,X:4a Y:4c Z:4b,"['V', 'V', 'V', 'V', 'Ni', 'Ni', 'Ni', 'Ni', 'Sn', 'Sn', 'Sn', 'Sn']","[[0, 0, 0], [0, 0.5, 0.5], [0.5, 0, 0.5], [0.5, 0.5, 0], [0.25, 0.25, 0.25], [0.25, 0.75, 0.75], [0.75, 0.25, 0.75], [0.75, 0.75, 0.25], [0.5, 0.5, 0.5], [0.5, 0, 0], [0, 0.5, 0], [0, 0, 0.5]]",B,conventional,"recovered from heusler.sqlite (extracted, never merged)",10.1016/j.jpcs.2023.111854,https://doi.org/10.1016/j.jpcs.2023.111854,Fig. 5d,C1b prototype + sourced lattice constant,,"XRD refined, 10.1016/j.jpcs.2023.111854",,True,stoichiometric,VNiSn,multiphase sample
TbSbPt,2.9,W/m/K,300.0,"experimental, Derived from κ_total - LσT",0,experimental,1.0,wf_subtracted,6.62,216,F-43m,half_Heusler_C1b,X:4a Y:4c Z:4b,"['Tb', 'Tb', 'Tb', 'Tb', 'Sb', 'Sb', 'Sb', 'Sb', 'Pt', 'Pt', 'Pt', 'Pt']","[[0, 0, 0], [0, 0.5, 0.5], [0.5, 0, 0.5], [0.5, 0.5, 0], [0.25, 0.25, 0.25], [0.25, 0.75, 0.75], [0.75, 0.25, 0.75], [0.75, 0.75, 0.25], [0.5, 0.5, 0.5], [0.5, 0, 0], [0, 0.5, 0], [0, 0, 0.5]]",B,conventional,"recovered from heusler.sqlite (extracted, never merged)",10.1002/adma.73841,https://doi.org/10.1002/adma.73841,Figure 5d,C1b prototype + sourced lattice constant,,MP mp-16313 DFT 6.64 and AFLOW primitive 4.6715 x sqrt2 = 6.607; mean of the two,,False,stoichiometric,TbSbPt,single-phase
TbSbPt,2.8,W/m/K,475.0,"experimental, Derived from κ_total - LσT",0,experimental,1.0,wf_subtracted,6.62,216,F-43m,half_Heusler_C1b,X:4a Y:4c Z:4b,"['Tb', 'Tb', 'Tb', 'Tb', 'Sb', 'Sb', 'Sb', 'Sb', 'Pt', 'Pt', 'Pt', 'Pt']","[[0, 0, 0], [0, 0.5, 0.5], [0.5, 0, 0.5], [0.5, 0.5, 0], [0.25, 0.25, 0.25], [0.25, 0.75, 0.75], [0.75, 0.25, 0.75], [0.75, 0.75, 0.25], [0.5, 0.5, 0.5], [0.5, 0, 0], [0, 0.5, 0], [0, 0, 0.5]]",B,conventional,"recovered from heusler.sqlite (extracted, never merged)",10.1002/adma.73841,https://doi.org/10.1002/adma.73841,Figure 5d,C1b prototype + sourced lattice constant,,MP mp-16313 DFT 6.64 and AFLOW primitive 4.6715 x sqrt2 = 6.607; mean of the two,,False,stoichiometric,TbSbPt,single-phase
TbSbPt,3.0,W/m/K,675.0,"experimental, Derived from κ_total - LσT",0,experimental,1.0,wf_subtracted,6.62,216,F-43m,half_Heusler_C1b,X:4a Y:4c Z:4b,"['Tb', 'Tb', 'Tb', 'Tb', 'Sb', 'Sb', 'Sb', 'Sb', 'Pt', 'Pt', 'Pt', 'Pt']","[[0, 0, 0], [0, 0.5, 0.5], [0.5, 0, 0.5], [0.5, 0.5, 0], [0.25, 0.25, 0.25], [0.25, 0.75, 0.75], [0.75, 0.25, 0.75], [0.75, 0.75, 0.25], [0.5, 0.5, 0.5], [0.5, 0, 0], [0, 0.5, 0], [0, 0, 0.5]]",B,conventional,"recovered from heusler.sqlite (extracted, never merged)",10.1002/adma.73841,https://doi.org/10.1002/adma.73841,Figure 5d,C1b prototype + sourced lattice constant,,MP mp-16313 DFT 6.64 and AFLOW primitive 4.6715 x sqrt2 = 6.607; mean of the two,,False,stoichiometric,TbSbPt,single-phase
TbSbPt,3.2,W/m/K,875.0,"experimental, Derived from κ_total - LσT",0,experimental,1.0,wf_subtracted,6.62,216,F-43m,half_Heusler_C1b,X:4a Y:4c Z:4b,"['Tb', 'Tb', 'Tb', 'Tb', 'Sb', 'Sb', 'Sb', 'Sb', 'Pt', 'Pt', 'Pt', 'Pt']","[[0, 0, 0], [0, 0.5, 0.5], [0.5, 0, 0.5], [0.5, 0.5, 0], [0.25, 0.25, 0.25], [0.25, 0.75, 0.75], [0.75, 0.25, 0.75], [0.75, 0.75, 0.25], [0.5, 0.5, 0.5], [0.5, 0, 0], [0, 0.5, 0], [0, 0, 0.5]]",B,conventional,"recovered from heusler.sqlite (extracted, never merged)",10.1002/adma.73841,https://doi.org/10.1002/adma.73841,Figure 5d,C1b prototype + sourced lattice constant,,MP mp-16313 DFT 6.64 and AFLOW primitive 4.6715 x sqrt2 = 6.607; mean of the two,,False,stoichiometric,TbSbPt,single-phase
DySbPt,3.8,W/m/K,300.0,"experimental, Derived from κ_total - LσT",0,experimental,1.0,wf_subtracted,6.59,216,F-43m,half_Heusler_C1b,X:4a Y:4c Z:4b,"['Dy', 'Dy', 'Dy', 'Dy', 'Sb', 'Sb', 'Sb', 'Sb', 'Pt', 'Pt', 'Pt', 'Pt']","[[0, 0, 0], [0, 0.5, 0.5], [0.5, 0, 0.5], [0.5, 0.5, 0], [0.25, 0.25, 0.25], [0.25, 0.75, 0.75], [0.75, 0.25, 0.75], [0.75, 0.75, 0.25], [0.5, 0.5, 0.5], [0.5, 0, 0], [0, 0.5, 0], [0, 0, 0.5]]",B,conventional,"recovered from heusler.sqlite (extracted, never merged)",10.1002/adma.73841,https://doi.org/10.1002/adma.73841,Figure 5d,C1b prototype + sourced lattice constant,,pool 6.5147 / HH130 6.6115 / AFLOW primitive 4.6579 x sqrt2 = 6.587; mean,,False,stoichiometric,DySbPt,single-phase
DySbPt,3.5,W/m/K,475.0,"experimental, Derived from κ_total - LσT",0,experimental,1.0,wf_subtracted,6.59,216,F-43m,half_Heusler_C1b,X:4a Y:4c Z:4b,"['Dy', 'Dy', 'Dy', 'Dy', 'Sb', 'Sb', 'Sb', 'Sb', 'Pt', 'Pt', 'Pt', 'Pt']","[[0, 0, 0], [0, 0.5, 0.5], [0.5, 0, 0.5], [0.5, 0.5, 0], [0.25, 0.25, 0.25], [0.25, 0.75, 0.75], [0.75, 0.25, 0.75], [0.75, 0.75, 0.25], [0.5, 0.5, 0.5], [0.5, 0, 0], [0, 0.5, 0], [0, 0, 0.5]]",B,conventional,"recovered from heusler.sqlite (extracted, never merged)",10.1002/adma.73841,https://doi.org/10.1002/adma.73841,Figure 5d,C1b prototype + sourced lattice constant,,pool 6.5147 / HH130 6.6115 / AFLOW primitive 4.6579 x sqrt2 = 6.587; mean,,False,stoichiometric,DySbPt,single-phase
DySbPt,3.5,W/m/K,675.0,"experimental, Derived from κ_total - LσT",0,experimental,1.0,wf_subtracted,6.59,216,F-43m,half_Heusler_C1b,X:4a Y:4c Z:4b,"['Dy', 'Dy', 'Dy', 'Dy', 'Sb', 'Sb', 'Sb', 'Sb', 'Pt', 'Pt', 'Pt', 'Pt']","[[0, 0, 0], [0, 0.5, 0.5], [0.5, 0, 0.5], [0.5, 0.5, 0], [0.25, 0.25, 0.25], [0.25, 0.75, 0.75], [0.75, 0.25, 0.75], [0.75, 0.75, 0.25], [0.5, 0.5, 0.5], [0.5, 0, 0], [0, 0.5, 0], [0, 0, 0.5]]",B,conventional,"recovered from heusler.sqlite (extracted, never merged)",10.1002/adma.73841,https://doi.org/10.1002/adma.73841,Figure 5d,C1b prototype + sourced lattice constant,,pool 6.5147 / HH130 6.6115 / AFLOW primitive 4.6579 x sqrt2 = 6.587; mean,,False,stoichiometric,DySbPt,single-phase
DySbPt,3.8,W/m/K,875.0,"experimental, Derived from κ_total - LσT",0,experimental,1.0,wf_subtracted,6.59,216,F-43m,half_Heusler_C1b,X:4a Y:4c Z:4b,"['Dy', 'Dy', 'Dy', 'Dy', 'Sb', 'Sb', 'Sb', 'Sb', 'Pt', 'Pt', 'Pt', 'Pt']","[[0, 0, 0], [0, 0.5, 0.5], [0.5, 0, 0.5], [0.5, 0.5, 0], [0.25, 0.25, 0.25], [0.25, 0.75, 0.75], [0.75, 0.25, 0.75], [0.75, 0.75, 0.25], [0.5, 0.5, 0.5], [0.5, 0, 0], [0, 0.5, 0], [0, 0, 0.5]]",B,conventional,"recovered from heusler.sqlite (extracted, never merged)",10.1002/adma.73841,https://doi.org/10.1002/adma.73841,Figure 5d,C1b prototype + sourced lattice constant,,pool 6.5147 / HH130 6.6115 / AFLOW primitive 4.6579 x sqrt2 = 6.587; mean,,False,stoichiometric,DySbPt,single-phase
LuSbPt,3.8,W/m/K,300.0,"experimental, Derived from κ_total - LσT",0,experimental,1.0,wf_subtracted,6.4677,216,F-43m,half_Heusler_C1b,X:4a Y:4c Z:4b,"['Lu', 'Lu', 'Lu', 'Lu', 'Sb', 'Sb', 'Sb', 'Sb', 'Pt', 'Pt', 'Pt', 'Pt']","[[0, 0, 0], [0, 0.5, 0.5], [0.5, 0, 0.5], [0.5, 0.5, 0], [0.25, 0.25, 0.25], [0.25, 0.75, 0.75], [0.75, 0.25, 0.75], [0.75, 0.75, 0.25], [0.5, 0.5, 0.5], [0.5, 0, 0], [0, 0.5, 0], [0, 0, 0.5]]",B,conventional,"recovered from heusler.sqlite (extracted, never merged)",10.1002/adma.73841,https://doi.org/10.1002/adma.73841,Figure 5d,C1b prototype + sourced lattice constant,,"experimental Rietveld, Hou et al. APL 106 102102 (2015); AFLOW primitive 4.5799 x sqrt2 = 6.477",,False,stoichiometric,LuSbPt,single-phase
LuSbPt,3.4,W/m/K,475.0,"experimental, Derived from κ_total - LσT",0,experimental,1.0,wf_subtracted,6.4677,216,F-43m,half_Heusler_C1b,X:4a Y:4c Z:4b,"['Lu', 'Lu', 'Lu', 'Lu', 'Sb', 'Sb', 'Sb', 'Sb', 'Pt', 'Pt', 'Pt', 'Pt']","[[0, 0, 0], [0, 0.5, 0.5], [0.5, 0, 0.5], [0.5, 0.5, 0], [0.25, 0.25, 0.25], [0.25, 0.75, 0.75], [0.75, 0.25, 0.75], [0.75, 0.75, 0.25], [0.5, 0.5, 0.5], [0.5, 0, 0], [0, 0.5, 0], [0, 0, 0.5]]",B,conventional,"recovered from heusler.sqlite (extracted, never merged)",10.1002/adma.73841,https://doi.org/10.1002/adma.73841,Figure 5d,C1b prototype + sourced lattice constant,,"experimental Rietveld, Hou et al. APL 106 102102 (2015); AFLOW primitive 4.5799 x sqrt2 = 6.477",,False,stoichiometric,LuSbPt,single-phase
LuSbPt,3.2,W/m/K,675.0,"experimental, Derived from κ_total - LσT",0,experimental,1.0,wf_subtracted,6.4677,216,F-43m,half_Heusler_C1b,X:4a Y:4c Z:4b,"['Lu', 'Lu', 'Lu', 'Lu', 'Sb', 'Sb', 'Sb', 'Sb', 'Pt', 'Pt', 'Pt', 'Pt']","[[0, 0, 0], [0, 0.5, 0.5], [0.5, 0, 0.5], [0.5, 0.5, 0], [0.25, 0.25, 0.25], [0.25, 0.75, 0.75], [0.75, 0.25, 0.75], [0.75, 0.75, 0.25], [0.5, 0.5, 0.5], [0.5, 0, 0], [0, 0.5, 0], [0, 0, 0.5]]",B,conventional,"recovered from heusler.sqlite (extracted, never merged)",10.1002/adma.73841,https://doi.org/10.1002/adma.73841,Figure 5d,C1b prototype + sourced lattice constant,,"experimental Rietveld, Hou et al. APL 106 102102 (2015); AFLOW primitive 4.5799 x sqrt2 = 6.477",,False,stoichiometric,LuSbPt,single-phase
LuSbPt,3.5,W/m/K,875.0,"experimental, Derived from κ_total - LσT",0,experimental,1.0,wf_subtracted,6.4677,216,F-43m,half_Heusler_C1b,X:4a Y:4c Z:4b,"['Lu', 'Lu', 'Lu', 'Lu', 'Sb', 'Sb', 'Sb', 'Sb', 'Pt', 'Pt', 'Pt', 'Pt']","[[0, 0, 0], [0, 0.5, 0.5], [0.5, 0, 0.5], [0.5, 0.5, 0], [0.25, 0.25, 0.25], [0.25, 0.75, 0.75], [0.75, 0.25, 0.75], [0.75, 0.75, 0.25], [0.5, 0.5, 0.5], [0.5, 0, 0], [0, 0.5, 0], [0, 0, 0.5]]",B,conventional,"recovered from heusler.sqlite (extracted, never merged)",10.1002/adma.73841,https://doi.org/10.1002/adma.73841,Figure 5d,C1b prototype + sourced lattice constant,,"experimental Rietveld, Hou et al. APL 106 102102 (2015); AFLOW primitive 4.5799 x sqrt2 = 6.477",,False,stoichiometric,LuSbPt,single-phase
