section,claim,cite_key,supporting_text,doi,verified_on,verification_route
2.1,Experimental values were assembled from the Starrydata curated transport database.,katsura2025starrydata,"Verified title: 'Starrydata: from published plots to shared materials data' (Sci. Technol. Adv. Mater.: Methods 5(1), 2025; Katsura, Kumagai, Mato et al.). The title states directly that the resource converts published plots into shared materials data, which is the claim made. NOTE: abstract NOT read - Crossref carries none and the publisher returns HTTP 403 to automated requests. Before submission a human should open the paper and replace this text with a sentence from the abstract.",10.1080/27660400.2025.2506976,2026-09-04,Crossref metadata; abstract NOT read
2.1,"...read at the published snapshot of 1 July 2025, so the corpus can be regenerated exactly.",mato2025starrydata,"DataCite record title: '20250701_starrydata2' - a dated figshare deposit of the Starrydata2 database. Supports that a specific dated snapshot was used, and nothing more. NOT a citation for the database as a resource; that is katsura2025starrydata.",10.6084/m9.figshare.29438735,2026-09-04,DataCite metadata
2.1,First-principles values were drawn from AFLOW.,curtarolo2012aflow,"Verified title: 'AFLOW: An automatic framework for high-throughput materials discovery' (Comput. Mater. Sci., 2012). Supports AFLOW being a high-throughput first-principles materials repository. NOTE: abstract not carried by Crossref; a human should confirm it covers thermal/thermodynamic properties before this supports the kappa-specific use.",10.1016/j.commatsci.2012.02.005,2026-09-04,Crossref metadata; abstract NOT read
2.1,First-principles values were drawn from ... the Materials Project.,jain2013commentary,From the abstract: 'The Materials Project ... uses high-throughput computing to uncover the properties of all known inorganic materials. This open dataset can be accessed through multiple channels for both interactive exploration and data mining.' Supports use as a source of computed inorganic-materials properties.,10.1063/1.4812323,2026-09-04,"Crossref abstract, read"
2.1,First-principles values were drawn from ... JARVIS.,choudhary2020the,"From the abstract: 'JARVIS is an integrated infrastructure to accelerate materials discovery and design using density functional theory (DFT), classical force-fields (FF), and machine learning (ML) techniques ... JARVIS-DFT [contains] ~40,000 materials and ~1 million calculated properties.' Supports use as a DFT property repository.",10.1038/s41524-020-00440-1,2026-09-04,"Crossref abstract, read"
2.1,First-principles values were drawn from ... OQMD.,kirklin2015the,"From the abstract: 'The OQMD is a high-throughput database consisting of nearly 300,000 density functional theory (DFT) total energy calculations of compounds from the ICSD and decorations of commonly occurring crystal structures.' Supports use as a DFT repository. NOTE: the paper is about formation-energy accuracy, not thermal conductivity; it is cited only as the database reference.",10.1038/npjcompumats.2015.10,2026-09-04,"Crossref abstract, read"
2.1,Crystal structures were taken ... together with COD and OPTIMADE-federated sources.,andersen2021optimade,From the abstract: 'The Open Databases Integration for Materials Design (OPTIMADE) consortium has designed a universal application programming interface (API) to make materials databases accessible and interoperable.' Supports OPTIMADE being the federation mechanism used to query multiple structure databases.,10.1038/s41597-021-00974-z,2026-09-04,"Crossref abstract, read"
2.3,"the Lorenz number L taken from the single-parabolic-band parameterisation of Kim and Snyder, L = 1.5 + exp(-|S|/116) in units of 1e-8 W ohm K^-2 with S in microvolt/K",kim2015characteri,"From the abstract, verbatim: 'We propose the equation: L=1.5+exp(-|S|/116) (where L is in 10^-8 W Ohm K^-2 and S in microV/K) as a satisfactory approximation for L. This equation is accurate within 5% for single parabolic band/acoustic phonon scattering assumption and within 20% for PbSe, PbS, PbTe, Si0.8Ge0.2.' Supports both the formula and its stated units exactly as written in our text.",10.1063/1.4908244,2026-09-04,"Crossref abstract, read"
3.1,Half Heuslers are semiconducting at VEC = 18.,graf2011simple,"PRIMARY SOURCE READ (data/pdfs/inbox/1-s2.0-S0079678611000021-main.pdf). Verbatim, Section 8: 'As explained in Section 6.2.1, Half-Heusler materials with 18 valence electrons exhibit semiconducting properties.' Supports the claim exactly as written. The mechanism is given earlier: 'In this simplified model they become stable closed shell ions, i.e. a d10 configuration for Y and a s2p6 configuration for Z. This procedure requires 18 valence electrons... Due to the closed shell configuration, Half-Heusler compounds with 18 valence electrons are particularly stable. Changing the valence electron number to a different value mostly causes the compounds to become magnetic and crystallize in a different crystal structure.' The same source ALSO supports our rare-earth counting convention: 'the family of RE PdBi materials, in which Pd contributes ten valence electrons, the RE metal three and Bi five, respectively, which again sums up to 18 valence electrons.' Note the paper records MnNiSb as a 22-electron half-Heusler exception, consistent with our softened wording.",10.1016/j.progsolidstchem.2011.02.001,2026-09-04,PRIMARY SOURCE READ in full
3.3,We train gradient-boosted decision trees (CatBoost).,prokhorenkova2017catboost,"From the abstract: 'This paper presents the key algorithmic techniques behind CatBoost, a new gradient boosting toolkit ... Two critical algorithmic advances introduced in CatBoost are the implementation of ordered boosting, a permutation-driven alternative to the classic algorithm, and an innovative algorithm for processing categorical features.' Supports CatBoost being the gradient-boosting implementation cited.",10.48550/arXiv.1706.09516,2026-09-04,"DataCite abstract, read"
2.2,"For the 93 half Heuslers carrying both kinds of label at a matched temperature, the median disagreement is a factor of 1.38 and 84% agree within a factor of two, but the tail reaches 7.2.",NONE-OWN-MEASUREMENT,"No citation: this is measured in our own corpus. Reproduced by data/exports/kappa_v2/semiempirical_vs_bte.csv. Replaces an earlier claim that the semi-empirical error is 'a factor of two to three', which our own data does not support.",,2026-09-04,"own measurement, not a citation"
1,Figures of merit approaching zT ~ 1.5 have been demonstrated in p-type FeNbSb.,fu2015realizing,"From the abstract: 'Here we report a high zT of ~1.5 at 1,200 K for the p-type FeNbSb heavy-band half-Heusler alloys.' Supports the zT value and the compound exactly as stated.",10.1038/ncomms9144,2026-09-04,"Crossref abstract, read"
1,...and zT ~ 1.4 in ZrCoBi.,zhu2018discovery,"From the abstract: 'Here we report the discovery of p-type ZrCoBi-based half-Heuslers with a record-high ZT of ~1.42 at 973 K'. Also supports the framing sentence: 'Half-Heusler materials, as one of the most promising candidates for thermoelectric power generation, have relatively low ZTs compared to other material systems.'",10.1038/s41467-018-04958-3,2026-09-04,"Crossref abstract, read"
1,Solving the phonon Boltzmann transport equation from first principles has been applied to the half-Heusler space at scale to identify compounds with unusually low conductivity.,carrete2014finding,"PARTLY VERIFIED -- read the citing sentence carefully. Abstract: 'An efficient computational approach using MACHINE-LEARNING TECHNIQUES finds a much larger range of conductivity than expected for an impressive number of half-Heusler compounds.' The work combines first-principles transport with an ML screen. Citing it for 'the BTE applied across the half-Heusler space' is defensible, but the Introduction then presents ML surrogates as the RESPONSE to BTE cost, and this source already did both. Consider acknowledging that, or citing a purely first-principles high-throughput study instead.",10.1103/PhysRevX.4.011019,2026-09-08,"OpenAlex abstract, read in full 2026-09-08"
1,A converged transport calculation is expensive enough that high-throughput application has driven a search for cheaper surrogates.,liu2020a,"From the abstract: 'In principle, the thermal conductivity can be accurately predicted by solving the phonon Boltzmann transport equation, which is however very time-consuming, especially for complex systems with large unit cell. Here, using half-Heusler compounds as prototypical examples, we apply a compressed-sensing approach to rapidly evaluate the lattice thermal conductivity.' Supports both the cost claim and the surrogate-search claim, in half Heuslers specifically.",10.1088/1361-6463/ab898e,2026-09-04,"Crossref abstract, read"
1,...and more recently for machine-learned models trained to reproduce the calculations directly.,luo2023predicting,"From the abstract: 'molecular dynamics simulations and first-principles calculations have become two major approaches to predict the lattice thermal conductivity, which are however limited by insufficient accuracy and high computational cost, respectively. To overcome such inherent disadvantages, machine learning (ML) has been successfully used to accurately predict kappa_L in a high-throughput style.' Supports that ML models in this field are trained to reproduce calculated values.",10.1038/s41524-023-00964-2,2026-09-04,"Crossref abstract, read"
1,"much subsequent effort has gone into reproducing it more cheaply ... and, increasingly, machine-learned models [half-Heusler lattice thermal conductivity]",trans2022lattice,"PARTIAL. OpenAlex has no abstract for this DOI. The title, 'Lattice thermal conductivity of half-Heuslers with density functional theory and machine learning', supports the computed-labels claim on its face, but the training labels are not confirmed from the text. Low risk: it is one of six citations supporting a general statement about the field, not a load-bearing claim on its own.",10.1016/j.commatsci.2021.110938,2026-09-08,Crossref metadata; OpenAlex holds no abstract -- title only
1,...machine-learned models,miyazaki2021machine,From the abstract: 'Half-Heusler compound has drawn attention ... as a candidate material for thermoelectric energy conversion ... The calculation for the prediction of lattice thermal conductivity is an important physical parameter'. Title: 'Machine learning based prediction of lattice thermal conductivity for half-Heusler compounds using atomic information'. Supports a half-Heusler ML model of lattice thermal conductivity.,10.1038/s41598-021-92030-4,2026-09-04,"Crossref abstract, read"
1,...machine-learned models,jaafreh2021lattice,"VERIFIED. Abstract: 'LTCs of 119 compounds at various temperatures (100-1000 K) were obtained based on density functional theory (DFT) and phonon calculations, and then, these data were employed in the next learning process to build a predictive model.' Supports the claim that the model is trained on COMPUTED labels.",10.1021/acsami.1c17378,2026-09-08,"OpenAlex abstract, read in full 2026-09-08"
1,...machine-learned models,bhattacharjee2022thorough,VERIFIED. Abstract: 'We perform machine learning (ML) on theoretically computed kappa_L of half-Heusler (HH) compounds.' Supports the computed-labels claim directly.,10.1021/acsaem.2c01400,2026-09-08,"OpenAlex abstract, read in full 2026-09-08"
1,...machine-learned models,paliwal2025accelerate,"VERIFIED from the primary source, not the abstract (OpenAlex holds none). The paper compiles DFT-computed kappa_L for 150 crystalline compounds over 100-1000 K, 4127 entries, and trains ensemble regressors on them. Supports the computed-labels claim.",10.1103/l92g-tkds,2026-09-08,primary PDF read in full 2026-09-08 (data/pdfs/inbox/2511.13202v3.pdf)
1,"Training directly on measurements is the obvious alternative, and it is beginning to appear.",barua2024interpreta,"VERIFIED. Abstract: 'we develop a ML pipeline trained with multivariable inputs on a massive public dataset of ~200,000 data ... to predict the thermal conductivity'; and 'Previous ML studies have used different literature sources or density functional theory calculations as input.' Supports 'training directly on measurements is beginning to appear'. NOTE: the target is total thermal conductivity, not lattice kappa_L.",10.1021/acs.chemmater.4c01696,2026-09-08,"OpenAlex abstract, read in full 2026-09-08"
4.6,On 21 in-domain compounds the published semi-empirical estimates give 94.6% median error against 31.5% for the calibrated calculation; dropping the temperature exponent raises our error from 31.0% to 45.1%.,NONE-OWN-MEASUREMENT,No citation: both are measured in our own corpus under the paper's own protocol. Reproduced by compute_baselines_ablation.py -> data/exports/kappa_v2/baselines_ablation.json.,,2026-09-04,"own measurement, not a citation"
3.1,"Half Heuslers are semiconducting at the closed-shell valence-electron counts, of which VEC=18 is the one relevant to transition-metal members.",anand2018a,"Verified title: 'A valence balanced rule for discovery of 18-electron half-Heuslers with defects' (Energy Environ. Sci. 11, 1480, 2018). Abstract, verbatim: 'Thermodynamically stable ground state half-Heusler structures are valence balanced irrespective of electron count or stoichiometry.' The title supports 18 electrons as the operative count for half Heuslers. NOTE: the abstract as served by Crossref is a single sentence and does not itself state the semiconducting consequence; cited alongside graf2011simple, which remains the primary support and is still flagged NEEDS HUMAN CHECK.",10.1039/C8EE00306H,2026-09-04,"Crossref abstract, read (one sentence only)"
1,"Zhu et al. trained a crystal-graph neural network on 2668 computed conductivities and then transfer-learned it onto 132 experimentally measured values, halving the error on the measured scale.",zhu2021charting,"NOT VERIFIED. This is the one citation whose content the Introduction leans on hardest: the specific figures (2668 computed conductivities, 132 measured values, error roughly halved) and the characterisation of its labels as SEMI-EMPIRICAL rather than transport calculations. All of that came second-hand from the Luo 2023 review. OpenAlex's abstract is one sentence and confirms none of it. A referee who knows this paper will check. READ THE PRIMARY (10.1039/d1ee00442e) BEFORE SUBMISSION.",10.1039/D1EE00442E,2026-09-08,STILL UNVERIFIED -- OpenAlex abstract is a 130-character teaser; PRIMARY NOT READ
1,Miller et al. fitted a semi-empirical model to experimental data across several dozen compounds.,miller2017capturing,"VERIFIED, and an earlier doubt in this ledger was WRONG. Abstract, verbatim: 'we develop and validate a semiempirical model for kappa_L by FITTING density functional theory calculations TO EXPERIMENTAL DATA. Experimental values for kappa_L come from new measurements on SrIn2O4 ... as well as 55 compounds from across the published literature.' The manuscript's 'fitted ... directly to experimental data' is correct. The previous row doubted this on the basis of the SI alone.",10.1021/acs.chemmater.6b04179,2026-09-08,"OpenAlex abstract, read in full 2026-09-08"
1,...and models trained directly on measured conductivities exist.,chen2019machine,"Abstract, verbatim, read from the primary source (arXiv:1906.06378v2, the preprint of the Comput. Mater. Sci. paper, at data/pdfs/inbox/1906.06378v2.pdf): 'we build a machine learning (ML)-based model to accurately and instantly predict kappa_L of inorganic materials, using a benchmark data set of experimentally measured kappa_L of about 100 inorganic solids. We use advanced and universal feature engineering techniques along with the Gaussian process regression algorithm.' Confirms they train DIRECTLY on measurements and do not correct a calculation - a text search for correction/calibration language returned nothing.",10.1016/j.commatsci.2019.109155,2026-09-04,primary source read (arXiv preprint of the journal paper)
2.1,First-principles values were drawn from AFLOW -- transport values from its AAPL module.,plata2017an,"Verified title: 'An efficient and accurate framework for calculating lattice thermal conductivity of solids: AFLOW-AAPL Automatic Anharmonic Phonon Library' (npj Comput. Mater. 3, 45, 2017). Supports AAPL as the AFLOW module producing Boltzmann-transport lattice thermal conductivities. Replaces the earlier citation of the 2012 AFLOW framework paper, which predates AFLOW's thermal-transport capability and cannot support a kappa claim.",10.1038/s41524-017-0046-7,2026-09-04,Crossref metadata; abstract NOT read
2.1,...and quasi-harmonic estimates from AGL.,toher2014highthroug,"Verified title: 'High-throughput computational screening of thermal conductivity, Debye temperature, and Grueneisen parameter using a quasiharmonic Debye model' (Phys. Rev. B 90, 174107, 2014). Supports AGL as the quasi-harmonic Debye route, which our tiering classes as semi-empirical rather than transport.",10.1103/PhysRevB.90.174107,2026-09-04,Crossref metadata; abstract NOT read
4.4,"On 34 in-domain compounds with a matched published transport value: uncorrected published 71.6%, uncorrected surrogate 66.1%, calibrated surrogate 31.4%, calibrated published 27.3%. k_pred differs from the published value by a median 15.4%.",NONE-OWN-MEASUREMENT,No citation: measured in our own corpus under the paper's own protocol. Reproduced by scratchpad/verify_surrogate.py -> data/exports/kappa_v2/surrogate_vs_published.json.,,2026-09-04,"own measurement, not a citation"
5.2,The transport calculations being calibrated are drawn from published high-throughput studies.,li2025highthroug,"Source of the BTE values behind the issued predictions. Verified: this DOI appears as source_doi on the tier-1 rows for ErSbPt, HoSbPt and TbNiSb in HEUSLER_KAPPA_TRAINING_SET.csv, i.e. it is the paper whose calculated values Table 2 calibrates. NOTE: abstract not read; cited for provenance of numbers we use, which the corpus records directly.",10.1038/s41524-025-01920-y,2026-09-04,provenance verified in the corpus; abstract NOT read
5.2,...published high-throughput studies.,ohnishi2026database,"Source of BTE values for ErSbPt, HoSbPt and TbNiSb; appears as source_doi on their tier-1 rows in the training set. NOTE: abstract not read; cited for provenance.",10.1038/s41524-026-02033-w,2026-09-04,provenance verified in the corpus; abstract NOT read
5.2,...published high-throughput studies.,miyazaki2021machine,Source of BTE values for all five issued compounds; appears as source_doi on their tier-1 rows. Abstract previously read and recorded in this ledger for the Introduction claim.,10.1038/s41598-021-92030-4,2026-09-04,provenance verified in the corpus; abstract read
3.2,A Callaway grey-boundary treatment with a single boundary length gives a suppression S = Lambda_b/(Lambda + Lambda_b).,callaway1959model,"Verified title: 'Model for Lattice Thermal Conductivity at Low Temperatures' (Phys. Rev. 113, 1046, 1959). The originating reference for the Callaway relaxation-time model invoked. NOTE: abstract not carried by Crossref for a 1959 record; cited as the standard attribution for the model by name.",10.1103/PhysRev.113.1046,2026-09-04,Crossref metadata; abstract NOT read
3.2,"A laboratory specimen is a polycrystal with grain boundaries, point defects and finite density... for the XNiSn half Heuslers this has been analysed directly against measurement.",schrade2017the,"VERIFIED, and the source is stronger than the citing sentence implies. Abstract: 'grain boundary scattering plays the most important role in bringing down kappa_Lat', via a 'concerted theory-experiment comparison', where 'The calculations were based on the Boltzmann transport equation and ab initio density functional theory' and 'the experimental average crystallite size was used as an input parameter'. Directly supports boundary scattering analysed against measurement in XNiSn.",10.1038/s41598-017-14013-8,2026-09-08,"OpenAlex abstract, read in full 2026-09-08"
4.5,"A family power law fitted to the measured curves of the held-out compound's own bonding family gives 28.2% median error on 31 compounds against our 31.0%, p=0.22, ours better on 42%; it cannot cover 7 compounds and its within-family Spearman is -0.90 against our +0.50.",NONE-OWN-MEASUREMENT,No citation: measured in our own corpus under the paper's own protocol. Reproduced by compute_family_null.py -> data/exports/kappa_v2/family_null.json. This baseline was raised by an adversarial review and is reported because the method does NOT beat it on accuracy; the defensible advantage is coverage and within-family ordering.,,2026-09-04,"own measurement, not a citation"
5.3,"Applying the extrapolation rule retrospectively to the 16 measured compounds whose families are large enough to test it, the refused group is not detectably worse (29.6% vs 24.8%, p=0.35); TmSbPd and GdSbPt miss the boundary by 1.09x and 1.24x, less than the 1.33x inter-laboratory disagreement.",NONE-OWN-MEASUREMENT,"No citation: measured in our own corpus. Reproduced by scratchpad/extrap_gate.py and scratchpad/audit_refusals.py. Recorded because it is a NEGATIVE result about one of our own gates -- the rule is a stated conservatism, not a validated filter, and the paper says so.",,2026-09-04,"own measurement, not a citation"
5.4,"250 half Heuslers have a calculation and no measurement; 234 are removed at the validated-family requirement, of which 114 belong to families never measured. Three families (Co-Bi, Ni-Pb, Sb-Ir) are one measurement short and would release 6 predictions; Ni-Bi has 11 candidates blocked by YNiBi, whose measured kappa rises with temperature (slope +0.51 over 10 points).",NONE-OWN-MEASUREMENT,No citation: traced in our own corpus. Reproduced by scratchpad/candidate_funnel.py and scratchpad/unlock.py. The YNiBi slope is computed from its tier-0 rows and matches the broken-reference signature described in Section 2.3.,,2026-09-04,"own measurement, not a citation"
5.4,"Across 151 half Heuslers with two or more independent transport calculations at 300 K the median disagreement is 1.13x, 90th percentile 1.99x, maximum 18.35x (TmNiSb). ErSbPt and HoSbPt rest on calculations 1.68x and 1.72x apart; TiNiPb 5.60x and HoNiBi 2.37x are excluded on that basis. 14 of 17 unlock candidates survive every criterion.",NONE-OWN-MEASUREMENT,"No citation: measured in our own corpus. Reproduced by scratchpad/source_conflict.py and scratchpad/audit_unlock.py -> data/exports/kappa_v2/unlock_audit.json. This corrects an earlier claim of 22 total predictions to 19, and adds a caveat to two issued predictions.",,2026-09-04,"own measurement, not a citation"
5.4,"The rise of YNiBi's reported kappa_L with temperature reflects a bipolar contribution the original authors themselves report, not an artefact of our extraction.",li2015synthesis,"Abstract, verbatim: 'A significant bipolar contribution to thermal conductivity was observed in YNiBi, which induces a relatively low thermoelectric dimensionless figure-of-merit zT in this material. Enhancement of zT for YNiBi could be realized through appropriate doping to suppress the bipolar effect.' The bipolar contribution is the source paper's own finding; a single-parabolic-band Lorenz number carries no bipolar term, so our subtraction cannot remove it.",10.1063/1.4921811,2026-09-04,"OpenAlex abstract, read; DOI resolved via Crossref"
5.4,"ZrNiBi, the only other Ni-Bi half Heusler with a measured lattice thermal conductivity, is excluded by our VEC=18 screen and is not stoichiometric.",ren2023vacancymed,"Full text, open access: 'the stoichiometric ZrNiBi with a valence electron count (VEC) of 19 lies above the convex hull ... indicating that it is thermodynamically unstable', and 'By artificially tuning the Zr vacancy concentration to ~12% (i.e., Zr0.88NiBi), phase-pure samples can be repeatedly achieved.' The measured material is therefore Zr-deficient and VEC 19, failing both the stoichiometry and the VEC=18 screen.",10.1038/s41467-023-40492-7,2026-09-04,open-access full text read (Europe PMC PMC10404254)
5.4,Stoichiometric ZrNiBi is independently characterised as an unstable 19-electron half Heusler.,liu2025stabilizat,"Abstract: 'a vacancy-filling strategy based on the Zintl chemistry principles is developed to stabilize 19-electron half-Heusler alloys as stable thermoelectric semiconductors ... the partial filling of Fe into the 4d vacant sites of the unstable 19-electron half-Heusler alloys, such as TiNiSb, NbCoSb, and ZrNiBi'. Corroborates the 19-electron assignment and the instability independently of the Nature Communications study.",10.1002/smll.202502068,2026-09-04,"OpenAlex abstract, read; full text NOT read"
5.4,LuNiBi's low lattice thermal conductivity has been studied by inelastic X-ray scattering combined with first-principles calculations.,li2024multiphono,"Abstract: 'LuNiBi is taken as the typical half-Heusler compound to investigate multiphonon interaction and thermal conductivity. By employing inelastic x-ray scattering and first-principles calculations, we confirm that the low thermal conductivity of LuNiBi is closely related to its small group velocity'. Supports that the compound is under active phonon study; the abstract does not report a thermal-transport measurement of kappa_L, and the paywalled full text was NOT read.",10.1103/PhysRevB.109.174302,2026-09-04,"OpenAlex abstract, read; paywalled full text NOT read"
6.3,"A neglected four-phonon channel would raise the calculated kappa relative to measurement, and three-phonon calculations err in that direction.",feng2017fourphonon,"Abstract, verbatim: 'recent quantitative calculations of three-phonon scattering have often shown a significant overestimation of thermal conductivity as compared to experimental values. In this Rapid Communication we show that four-phonon scattering is generally important in solids and can remedy such discrepancies.' Supports both halves of the sentence: the neglected channel, and its direction.",10.1103/PhysRevB.96.161201,2026-09-06,"OpenAlex abstract, read"
6.1,Resonant rattling modes produce a distinctive suppression of lattice thermal conductivity.,jana2016the,"Abstract reports 'an ultralow lattice thermal conductivity (ca. 0.4 W m-1 K-1) in mixed valent InTe' whose 'phonon dispersion exhibits, along with low-energy flat branches, weak' interaction -- i.e. rattling producing an identifiable low-kappa signature. Supports the existence and character of the mechanism, not any quantitative claim.",10.1002/anie.201511737,2026-09-06,"OpenAlex abstract, read"
6.3,Radiative heat loss affects laser-flash thermal diffusivity at high temperature.,nishi2020effect,"Abstract: 'The laser flash technique is a standard method to measure the thermal diffusivity of solid samples especially at high temperatures. To understand the reliability of thermal diffusivity evaluation at high temperature for solid samples with low-thermal-diffusivity values, we analyzed the effect of radiative heat loss.' Supports that the effect exists and matters at high T. It does NOT state a T^3 scaling, and the manuscript's T^3 claim was removed rather than attributed to this source.",10.1515/htmp-2020-0079,2026-09-06,"Crossref abstract, read"
